m_dns_authorityD.pv	authorityD
m_dns_authority_digestD.pv	authority_digestD
m_dns_authorityR.pv	authorityR
m_dns_authority_digestR.pv	authority_digestR
m_dns_entitled.pv	entitled
m_dns_key_equal.pv	key_equal
m_dns_signature_key.pv	signature_key
m_dns_tlr_tag.pv	tlr_tag
m_dns_anchor.pv	anchor
m_dns_lookup.pv	lookup
m_dns_terminal_identity.pv	terminal_identity
m_dns_entry_disposition.pv	entry_disposition
m_dns_refused_branch.pv	refused_branch
m_dns_missing_branch.pv	missing_branch
m_dns_env_fingerprint.pv	env_fingerprint
m_dns_env_core_tuple.pv	env_core_tuple
m_dns_env_possession.pv	env_possession
m_dns_env_bytes.pv	env_bytes
m_dns_env_frame_alg.pv	env_frame_alg
m_dns_env_frame_id.pv	env_frame_id
m_dns_env_frame_fp.pv	env_frame_fp
m_dns_env_manifest.pv	env_manifest
m_dns_env_authorityD.pv	env_authorityD
m_dns_env_authorityR.pv	env_authorityR
m_dns_envelope.pv	remove envelope process
m_repo_authorityD.pv	authorityD
m_repo_authority_digestD.pv	authority_digestD
m_repo_authorityR.pv	authorityR
m_repo_authority_digestR.pv	authority_digestR
m_repo_entitled.pv	entitled
m_repo_key_equal.pv	key_equal
m_repo_signature_key.pv	signature_key
m_repo_tlr_tag.pv	tlr_tag
m_repo_anchor.pv	anchor
m_repo_lookup.pv	lookup
m_repo_terminal_identity.pv	terminal_identity
m_repo_entry_disposition.pv	entry_disposition
m_repo_refused_branch.pv	refused_branch
m_repo_missing_branch.pv	missing_branch
m_repo_env_fingerprint.pv	env_fingerprint
m_repo_env_core_tuple.pv	env_core_tuple
m_repo_env_possession.pv	env_possession
m_repo_env_bytes.pv	env_bytes
m_repo_env_frame_alg.pv	env_frame_alg
m_repo_env_frame_id.pv	env_frame_id
m_repo_env_frame_fp.pv	env_frame_fp
m_repo_env_manifest.pv	env_manifest
m_repo_env_authorityD.pv	env_authorityD
m_repo_env_authorityR.pv	env_authorityR
m_repo_envelope.pv	remove envelope process
m_deg_authorityS.pv	authorityS
m_deg_authority_digestS.pv	authority_digestS
m_deg_entitled.pv	entitled
m_deg_key_equal.pv	key_equal
m_deg_signature_key.pv	signature_key
m_deg_tlr_tag.pv	tlr_tag
m_deg_anchor.pv	anchor
m_deg_lookup.pv	lookup
m_deg_terminal_identity.pv	terminal_identity
m_deg_entry_disposition.pv	entry_disposition
m_deg_refused_branch.pv	refused_branch
m_deg_missing_branch.pv	missing_branch
m_deg_env_fingerprint.pv	env_fingerprint
m_deg_env_core_tuple.pv	env_core_tuple
m_deg_env_possession.pv	env_possession
m_deg_env_bytes.pv	env_bytes
m_deg_env_frame_alg.pv	env_frame_alg
m_deg_env_frame_id.pv	env_frame_id
m_deg_env_frame_fp.pv	env_frame_fp
m_deg_env_manifest.pv	env_manifest
m_deg_env_authorityS.pv	env_authorityS
m_deg_envelope.pv	remove envelope process
a_wrapper.pv	wrapper
a_dsks.pv	dsks
a_alias_replay.pv	alias_replay
a_own_registered_key.pv	own_registered_key
a_omit_tlr.pv	omit_tlr
