mutant	source_check	T	R_or_R1	R2	S	A	W_or_W1	W2	B	RESULT_locations
scratch/q1d_I_evDI_evidence.pv	proverif/sp7_q1_strict_dns_compromised.pv:179	true	true	-	true	true	false	-	false	scratch/q1d_I_evDI_evidence.out:555; scratch/q1d_I_evDI_evidence.out:569; scratch/q1d_I_evDI_evidence.out:583; scratch/q1d_I_evDI_evidence.out:597; scratch/q1d_I_evDI_evidence.out:923; scratch/q1d_I_evDI_evidence.out:1119
scratch/q1d_I_evDI_tag_typed.pv	proverif/sp7_q1_strict_dns_compromised.pv:179	true	true	-	true	true	false	-	false	scratch/q1d_I_evDI_tag_typed.out:560; scratch/q1d_I_evDI_tag_typed.out:574; scratch/q1d_I_evDI_tag_typed.out:588; scratch/q1d_I_evDI_tag_typed.out:602; scratch/q1d_I_evDI_tag_typed.out:938; scratch/q1d_I_evDI_tag_typed.out:1147
scratch/q1d_I_evDI_digest_typed.pv	proverif/sp7_q1_strict_dns_compromised.pv:179	true	true	-	true	true	false	-	false	scratch/q1d_I_evDI_digest_typed.out:560; scratch/q1d_I_evDI_digest_typed.out:574; scratch/q1d_I_evDI_digest_typed.out:588; scratch/q1d_I_evDI_digest_typed.out:602; scratch/q1d_I_evDI_digest_typed.out:938; scratch/q1d_I_evDI_digest_typed.out:1150
scratch/q1d_I_evRI_evidence.pv	proverif/sp7_q1_strict_dns_compromised.pv:180	true	true	-	true	true	false	-	false	scratch/q1d_I_evRI_evidence.out:554; scratch/q1d_I_evRI_evidence.out:567; scratch/q1d_I_evRI_evidence.out:580; scratch/q1d_I_evRI_evidence.out:593; scratch/q1d_I_evRI_evidence.out:921; scratch/q1d_I_evRI_evidence.out:1125
scratch/q1d_I_evRI_tag_typed.pv	proverif/sp7_q1_strict_dns_compromised.pv:180	true	true	-	true	true	false	-	false	scratch/q1d_I_evRI_tag_typed.out:560; scratch/q1d_I_evRI_tag_typed.out:574; scratch/q1d_I_evRI_tag_typed.out:588; scratch/q1d_I_evRI_tag_typed.out:602; scratch/q1d_I_evRI_tag_typed.out:935; scratch/q1d_I_evRI_tag_typed.out:1144
scratch/q1d_I_evRI_digest_typed.pv	proverif/sp7_q1_strict_dns_compromised.pv:180	true	true	-	true	true	false	-	false	scratch/q1d_I_evRI_digest_typed.out:560; scratch/q1d_I_evRI_digest_typed.out:574; scratch/q1d_I_evRI_digest_typed.out:588; scratch/q1d_I_evRI_digest_typed.out:602; scratch/q1d_I_evRI_digest_typed.out:928; scratch/q1d_I_evRI_digest_typed.out:1137
scratch/q1d_I_slot.pv	proverif/sp7_q1_strict_dns_compromised.pv:182	true	true	-	true	true	false	-	false	scratch/q1d_I_slot.out:570; scratch/q1d_I_slot.out:598; scratch/q1d_I_slot.out:626; scratch/q1d_I_slot.out:654; scratch/q1d_I_slot.out:1001; scratch/q1d_I_slot.out:1224
scratch/q1d_I_possession.pv	proverif/sp7_q1_strict_dns_compromised.pv:183	true	true	-	true	true	false	-	false	scratch/q1d_I_possession.out:555; scratch/q1d_I_possession.out:568; scratch/q1d_I_possession.out:581; scratch/q1d_I_possession.out:594; scratch/q1d_I_possession.out:912; scratch/q1d_I_possession.out:1106
scratch/q1d_I_poss_tag_typed.pv	proverif/sp7_q1_strict_dns_compromised.pv:183	true	true	-	true	true	false	-	false	scratch/q1d_I_poss_tag_typed.out:560; scratch/q1d_I_poss_tag_typed.out:574; scratch/q1d_I_poss_tag_typed.out:588; scratch/q1d_I_poss_tag_typed.out:602; scratch/q1d_I_poss_tag_typed.out:935; scratch/q1d_I_poss_tag_typed.out:1144
scratch/q1d_I_poss_manifest_typed.pv	proverif/sp7_q1_strict_dns_compromised.pv:183	true	true	-	true	true	false	-	false	scratch/q1d_I_poss_manifest_typed.out:564; scratch/q1d_I_poss_manifest_typed.out:581; scratch/q1d_I_poss_manifest_typed.out:598; scratch/q1d_I_poss_manifest_typed.out:615; scratch/q1d_I_poss_manifest_typed.out:951; scratch/q1d_I_poss_manifest_typed.out:1163
scratch/q1d_I_signature.pv	proverif/sp7_q1_strict_dns_compromised.pv:184	true	true	-	false	true	false	-	false	scratch/q1d_I_signature.out:553; scratch/q1d_I_signature.out:564; scratch/q1d_I_signature.out:842; scratch/q1d_I_signature.out:853; scratch/q1d_I_signature.out:1173; scratch/q1d_I_signature.out:1368
scratch/q1d_I_sig_tag_typed.pv	proverif/sp7_q1_strict_dns_compromised.pv:184	true	true	-	true	true	false	-	false	scratch/q1d_I_sig_tag_typed.out:560; scratch/q1d_I_sig_tag_typed.out:574; scratch/q1d_I_sig_tag_typed.out:588; scratch/q1d_I_sig_tag_typed.out:602; scratch/q1d_I_sig_tag_typed.out:935; scratch/q1d_I_sig_tag_typed.out:1144
scratch/q1d_I_sig_bytes_typed.pv	proverif/sp7_q1_strict_dns_compromised.pv:184	true	true	-	true	true	false	-	false	scratch/q1d_I_sig_bytes_typed.out:569; scratch/q1d_I_sig_bytes_typed.out:592; scratch/q1d_I_sig_bytes_typed.out:615; scratch/q1d_I_sig_bytes_typed.out:638; scratch/q1d_I_sig_bytes_typed.out:983; scratch/q1d_I_sig_bytes_typed.out:1204
scratch/q1d_I_type.pv	proverif/sp7_q1_strict_dns_compromised.pv:185	false	true	-	true	true	false	-	false	scratch/q1d_I_type.out:795; scratch/q1d_I_type.out:814; scratch/q1d_I_type.out:832; scratch/q1d_I_type.out:850; scratch/q1d_I_type.out:1188; scratch/q1d_I_type.out:1401
scratch/q1d_I_alg.pv	proverif/sp7_q1_strict_dns_compromised.pv:185	true	true	-	true	true	false	-	false	scratch/q1d_I_alg.out:560; scratch/q1d_I_alg.out:574; scratch/q1d_I_alg.out:588; scratch/q1d_I_alg.out:602; scratch/q1d_I_alg.out:935; scratch/q1d_I_alg.out:1144
scratch/q1d_I_id.pv	proverif/sp7_q1_strict_dns_compromised.pv:185	true	true	-	true	true	false	-	false	scratch/q1d_I_id.out:560; scratch/q1d_I_id.out:574; scratch/q1d_I_id.out:588; scratch/q1d_I_id.out:602; scratch/q1d_I_id.out:935; scratch/q1d_I_id.out:1144
scratch/q1d_I_fp.pv	proverif/sp7_q1_strict_dns_compromised.pv:185	true	true	-	true	true	false	-	false	scratch/q1d_I_fp.out:560; scratch/q1d_I_fp.out:574; scratch/q1d_I_fp.out:587; scratch/q1d_I_fp.out:601; scratch/q1d_I_fp.out:934; scratch/q1d_I_fp.out:1142
scratch/q1d_I_hash.pv	proverif/sp7_q1_strict_dns_compromised.pv:186	true	true	-	true	true	false	-	false	scratch/q1d_I_hash.out:556; scratch/q1d_I_hash.out:570; scratch/q1d_I_hash.out:583; scratch/q1d_I_hash.out:596; scratch/q1d_I_hash.out:928; scratch/q1d_I_hash.out:1136
scratch/q1d_W_evDW_evidence.pv	proverif/sp7_q1_strict_dns_compromised.pv:206	true	true	-	true	true	false	-	false	scratch/q1d_W_evDW_evidence.out:558; scratch/q1d_W_evDW_evidence.out:572; scratch/q1d_W_evDW_evidence.out:585; scratch/q1d_W_evDW_evidence.out:598; scratch/q1d_W_evDW_evidence.out:923; scratch/q1d_W_evDW_evidence.out:1131
scratch/q1d_W_evDW_tag_typed.pv	proverif/sp7_q1_strict_dns_compromised.pv:206	true	true	-	true	true	false	-	false	scratch/q1d_W_evDW_tag_typed.out:560; scratch/q1d_W_evDW_tag_typed.out:574; scratch/q1d_W_evDW_tag_typed.out:588; scratch/q1d_W_evDW_tag_typed.out:602; scratch/q1d_W_evDW_tag_typed.out:938; scratch/q1d_W_evDW_tag_typed.out:1147
scratch/q1d_W_evDW_digest_typed.pv	proverif/sp7_q1_strict_dns_compromised.pv:206	true	true	-	true	true	false	-	false	scratch/q1d_W_evDW_digest_typed.out:561; scratch/q1d_W_evDW_digest_typed.out:575; scratch/q1d_W_evDW_digest_typed.out:589; scratch/q1d_W_evDW_digest_typed.out:603; scratch/q1d_W_evDW_digest_typed.out:939; scratch/q1d_W_evDW_digest_typed.out:1148
scratch/q1d_W_evRW_evidence.pv	proverif/sp7_q1_strict_dns_compromised.pv:207	true	true	-	true	true	false	-	false	scratch/q1d_W_evRW_evidence.out:557; scratch/q1d_W_evRW_evidence.out:570; scratch/q1d_W_evRW_evidence.out:583; scratch/q1d_W_evRW_evidence.out:596; scratch/q1d_W_evRW_evidence.out:914; scratch/q1d_W_evRW_evidence.out:1122
scratch/q1d_W_evRW_tag_typed.pv	proverif/sp7_q1_strict_dns_compromised.pv:207	true	true	-	true	true	false	-	false	scratch/q1d_W_evRW_tag_typed.out:560; scratch/q1d_W_evRW_tag_typed.out:574; scratch/q1d_W_evRW_tag_typed.out:587; scratch/q1d_W_evRW_tag_typed.out:601; scratch/q1d_W_evRW_tag_typed.out:934; scratch/q1d_W_evRW_tag_typed.out:1143
scratch/q1d_W_evRW_digest_typed.pv	proverif/sp7_q1_strict_dns_compromised.pv:207	true	true	-	true	true	false	-	false	scratch/q1d_W_evRW_digest_typed.out:560; scratch/q1d_W_evRW_digest_typed.out:574; scratch/q1d_W_evRW_digest_typed.out:588; scratch/q1d_W_evRW_digest_typed.out:602; scratch/q1d_W_evRW_digest_typed.out:925; scratch/q1d_W_evRW_digest_typed.out:1134
scratch/q1d_W_slot.pv	proverif/sp7_q1_strict_dns_compromised.pv:209	true	true	-	true	true	false	-	false	scratch/q1d_W_slot.out:570; scratch/q1d_W_slot.out:596; scratch/q1d_W_slot.out:622; scratch/q1d_W_slot.out:648; scratch/q1d_W_slot.out:942; scratch/q1d_W_slot.out:1163
scratch/q1d_W_possession.pv	proverif/sp7_q1_strict_dns_compromised.pv:210	true	true	-	true	true	false	-	false	scratch/q1d_W_possession.out:557; scratch/q1d_W_possession.out:570; scratch/q1d_W_possession.out:583; scratch/q1d_W_possession.out:596; scratch/q1d_W_possession.out:902; scratch/q1d_W_possession.out:1110
scratch/q1d_W_poss_tag_typed.pv	proverif/sp7_q1_strict_dns_compromised.pv:210	true	true	-	true	true	false	-	false	scratch/q1d_W_poss_tag_typed.out:560; scratch/q1d_W_poss_tag_typed.out:574; scratch/q1d_W_poss_tag_typed.out:588; scratch/q1d_W_poss_tag_typed.out:602; scratch/q1d_W_poss_tag_typed.out:935; scratch/q1d_W_poss_tag_typed.out:1144
scratch/q1d_W_poss_manifest_typed.pv	proverif/sp7_q1_strict_dns_compromised.pv:210	true	true	-	true	true	false	-	false	scratch/q1d_W_poss_manifest_typed.out:563; scratch/q1d_W_poss_manifest_typed.out:580; scratch/q1d_W_poss_manifest_typed.out:597; scratch/q1d_W_poss_manifest_typed.out:614; scratch/q1d_W_poss_manifest_typed.out:950; scratch/q1d_W_poss_manifest_typed.out:1162
scratch/q1d_W_signature.pv	proverif/sp7_q1_strict_dns_compromised.pv:211	true	true	-	true	true	false	-	false	scratch/q1d_W_signature.out:555; scratch/q1d_W_signature.out:566; scratch/q1d_W_signature.out:577; scratch/q1d_W_signature.out:588; scratch/q1d_W_signature.out:901; scratch/q1d_W_signature.out:1107
scratch/q1d_W_sig_tag_typed.pv	proverif/sp7_q1_strict_dns_compromised.pv:211	true	true	-	true	true	false	-	false	scratch/q1d_W_sig_tag_typed.out:560; scratch/q1d_W_sig_tag_typed.out:574; scratch/q1d_W_sig_tag_typed.out:588; scratch/q1d_W_sig_tag_typed.out:602; scratch/q1d_W_sig_tag_typed.out:935; scratch/q1d_W_sig_tag_typed.out:1144
scratch/q1d_W_sig_bytes_typed.pv	proverif/sp7_q1_strict_dns_compromised.pv:211	true	true	-	true	true	false	-	false	scratch/q1d_W_sig_bytes_typed.out:561; scratch/q1d_W_sig_bytes_typed.out:576; scratch/q1d_W_sig_bytes_typed.out:591; scratch/q1d_W_sig_bytes_typed.out:606; scratch/q1d_W_sig_bytes_typed.out:949; scratch/q1d_W_sig_bytes_typed.out:1159
scratch/q1d_W_type.pv	proverif/sp7_q1_strict_dns_compromised.pv:212	false	true	-	true	true	false	-	false	scratch/q1d_W_type.out:795; scratch/q1d_W_type.out:811; scratch/q1d_W_type.out:827; scratch/q1d_W_type.out:843; scratch/q1d_W_type.out:1178; scratch/q1d_W_type.out:1389
scratch/q1d_W_alg.pv	proverif/sp7_q1_strict_dns_compromised.pv:212	true	true	-	true	true	false	-	false	scratch/q1d_W_alg.out:560; scratch/q1d_W_alg.out:574; scratch/q1d_W_alg.out:588; scratch/q1d_W_alg.out:602; scratch/q1d_W_alg.out:935; scratch/q1d_W_alg.out:1144
scratch/q1d_W_id.pv	proverif/sp7_q1_strict_dns_compromised.pv:212	true	true	-	true	true	false	-	false	scratch/q1d_W_id.out:560; scratch/q1d_W_id.out:574; scratch/q1d_W_id.out:588; scratch/q1d_W_id.out:602; scratch/q1d_W_id.out:935; scratch/q1d_W_id.out:1144
scratch/q1d_W_fp.pv	proverif/sp7_q1_strict_dns_compromised.pv:212	true	true	-	true	true	false	-	false	scratch/q1d_W_fp.out:560; scratch/q1d_W_fp.out:574; scratch/q1d_W_fp.out:588; scratch/q1d_W_fp.out:602; scratch/q1d_W_fp.out:935; scratch/q1d_W_fp.out:1144
scratch/q1d_W_hash.pv	proverif/sp7_q1_strict_dns_compromised.pv:213	true	true	-	true	true	false	-	false	scratch/q1d_W_hash.out:558; scratch/q1d_W_hash.out:572; scratch/q1d_W_hash.out:586; scratch/q1d_W_hash.out:600; scratch/q1d_W_hash.out:933; scratch/q1d_W_hash.out:1142
scratch/q1r_I_evDI_evidence.pv	proverif/sp7_q1_strict_repo_compromised.pv:179	true	true	-	true	true	false	-	false	scratch/q1r_I_evDI_evidence.out:554; scratch/q1r_I_evDI_evidence.out:567; scratch/q1r_I_evDI_evidence.out:580; scratch/q1r_I_evDI_evidence.out:593; scratch/q1r_I_evDI_evidence.out:921; scratch/q1r_I_evDI_evidence.out:1125
scratch/q1r_I_evDI_tag_typed.pv	proverif/sp7_q1_strict_repo_compromised.pv:179	true	true	-	true	true	false	-	false	scratch/q1r_I_evDI_tag_typed.out:560; scratch/q1r_I_evDI_tag_typed.out:574; scratch/q1r_I_evDI_tag_typed.out:588; scratch/q1r_I_evDI_tag_typed.out:602; scratch/q1r_I_evDI_tag_typed.out:935; scratch/q1r_I_evDI_tag_typed.out:1144
scratch/q1r_I_evDI_digest_typed.pv	proverif/sp7_q1_strict_repo_compromised.pv:179	true	true	-	true	true	false	-	false	scratch/q1r_I_evDI_digest_typed.out:560; scratch/q1r_I_evDI_digest_typed.out:574; scratch/q1r_I_evDI_digest_typed.out:588; scratch/q1r_I_evDI_digest_typed.out:602; scratch/q1r_I_evDI_digest_typed.out:928; scratch/q1r_I_evDI_digest_typed.out:1137
scratch/q1r_I_evRI_evidence.pv	proverif/sp7_q1_strict_repo_compromised.pv:180	true	true	-	true	true	false	-	false	scratch/q1r_I_evRI_evidence.out:555; scratch/q1r_I_evRI_evidence.out:569; scratch/q1r_I_evRI_evidence.out:583; scratch/q1r_I_evRI_evidence.out:597; scratch/q1r_I_evRI_evidence.out:923; scratch/q1r_I_evRI_evidence.out:1119
scratch/q1r_I_evRI_tag_typed.pv	proverif/sp7_q1_strict_repo_compromised.pv:180	true	true	-	true	true	false	-	false	scratch/q1r_I_evRI_tag_typed.out:560; scratch/q1r_I_evRI_tag_typed.out:574; scratch/q1r_I_evRI_tag_typed.out:588; scratch/q1r_I_evRI_tag_typed.out:602; scratch/q1r_I_evRI_tag_typed.out:938; scratch/q1r_I_evRI_tag_typed.out:1147
scratch/q1r_I_evRI_digest_typed.pv	proverif/sp7_q1_strict_repo_compromised.pv:180	true	true	-	true	true	false	-	false	scratch/q1r_I_evRI_digest_typed.out:561; scratch/q1r_I_evRI_digest_typed.out:575; scratch/q1r_I_evRI_digest_typed.out:589; scratch/q1r_I_evRI_digest_typed.out:603; scratch/q1r_I_evRI_digest_typed.out:939; scratch/q1r_I_evRI_digest_typed.out:1151
scratch/q1r_I_slot.pv	proverif/sp7_q1_strict_repo_compromised.pv:182	true	true	-	true	true	false	-	false	scratch/q1r_I_slot.out:571; scratch/q1r_I_slot.out:600; scratch/q1r_I_slot.out:629; scratch/q1r_I_slot.out:658; scratch/q1r_I_slot.out:1006; scratch/q1r_I_slot.out:1230
scratch/q1r_I_possession.pv	proverif/sp7_q1_strict_repo_compromised.pv:183	true	true	-	true	true	false	-	false	scratch/q1r_I_possession.out:556; scratch/q1r_I_possession.out:570; scratch/q1r_I_possession.out:583; scratch/q1r_I_possession.out:596; scratch/q1r_I_possession.out:914; scratch/q1r_I_possession.out:1108
scratch/q1r_I_poss_tag_typed.pv	proverif/sp7_q1_strict_repo_compromised.pv:183	true	true	-	true	true	false	-	false	scratch/q1r_I_poss_tag_typed.out:560; scratch/q1r_I_poss_tag_typed.out:574; scratch/q1r_I_poss_tag_typed.out:588; scratch/q1r_I_poss_tag_typed.out:602; scratch/q1r_I_poss_tag_typed.out:935; scratch/q1r_I_poss_tag_typed.out:1144
scratch/q1r_I_poss_manifest_typed.pv	proverif/sp7_q1_strict_repo_compromised.pv:183	true	true	-	true	true	false	-	false	scratch/q1r_I_poss_manifest_typed.out:564; scratch/q1r_I_poss_manifest_typed.out:582; scratch/q1r_I_poss_manifest_typed.out:600; scratch/q1r_I_poss_manifest_typed.out:618; scratch/q1r_I_poss_manifest_typed.out:955; scratch/q1r_I_poss_manifest_typed.out:1168
scratch/q1r_I_signature.pv	proverif/sp7_q1_strict_repo_compromised.pv:184	true	true	-	false	true	false	-	false	scratch/q1r_I_signature.out:554; scratch/q1r_I_signature.out:566; scratch/q1r_I_signature.out:845; scratch/q1r_I_signature.out:857; scratch/q1r_I_signature.out:1177; scratch/q1r_I_signature.out:1373
scratch/q1r_I_sig_tag_typed.pv	proverif/sp7_q1_strict_repo_compromised.pv:184	true	true	-	true	true	false	-	false	scratch/q1r_I_sig_tag_typed.out:560; scratch/q1r_I_sig_tag_typed.out:574; scratch/q1r_I_sig_tag_typed.out:588; scratch/q1r_I_sig_tag_typed.out:602; scratch/q1r_I_sig_tag_typed.out:935; scratch/q1r_I_sig_tag_typed.out:1144
scratch/q1r_I_sig_bytes_typed.pv	proverif/sp7_q1_strict_repo_compromised.pv:184	true	true	-	true	true	false	-	false	scratch/q1r_I_sig_bytes_typed.out:569; scratch/q1r_I_sig_bytes_typed.out:592; scratch/q1r_I_sig_bytes_typed.out:615; scratch/q1r_I_sig_bytes_typed.out:638; scratch/q1r_I_sig_bytes_typed.out:983; scratch/q1r_I_sig_bytes_typed.out:1204
scratch/q1r_I_type.pv	proverif/sp7_q1_strict_repo_compromised.pv:185	false	true	-	true	true	false	-	false	scratch/q1r_I_type.out:796; scratch/q1r_I_type.out:816; scratch/q1r_I_type.out:835; scratch/q1r_I_type.out:854; scratch/q1r_I_type.out:1193; scratch/q1r_I_type.out:1407
scratch/q1r_I_alg.pv	proverif/sp7_q1_strict_repo_compromised.pv:185	true	true	-	true	true	false	-	false	scratch/q1r_I_alg.out:560; scratch/q1r_I_alg.out:574; scratch/q1r_I_alg.out:588; scratch/q1r_I_alg.out:602; scratch/q1r_I_alg.out:935; scratch/q1r_I_alg.out:1144
scratch/q1r_I_id.pv	proverif/sp7_q1_strict_repo_compromised.pv:185	true	true	-	true	true	false	-	false	scratch/q1r_I_id.out:560; scratch/q1r_I_id.out:574; scratch/q1r_I_id.out:588; scratch/q1r_I_id.out:602; scratch/q1r_I_id.out:935; scratch/q1r_I_id.out:1144
scratch/q1r_I_fp.pv	proverif/sp7_q1_strict_repo_compromised.pv:185	true	true	-	true	true	false	-	false	scratch/q1r_I_fp.out:560; scratch/q1r_I_fp.out:574; scratch/q1r_I_fp.out:588; scratch/q1r_I_fp.out:602; scratch/q1r_I_fp.out:935; scratch/q1r_I_fp.out:1144
scratch/q1r_I_hash.pv	proverif/sp7_q1_strict_repo_compromised.pv:186	true	true	-	true	true	false	-	false	scratch/q1r_I_hash.out:556; scratch/q1r_I_hash.out:570; scratch/q1r_I_hash.out:584; scratch/q1r_I_hash.out:598; scratch/q1r_I_hash.out:931; scratch/q1r_I_hash.out:1140
scratch/q1r_W_evDW_evidence.pv	proverif/sp7_q1_strict_repo_compromised.pv:206	true	true	-	true	true	false	-	false	scratch/q1r_W_evDW_evidence.out:558; scratch/q1r_W_evDW_evidence.out:572; scratch/q1r_W_evDW_evidence.out:585; scratch/q1r_W_evDW_evidence.out:598; scratch/q1r_W_evDW_evidence.out:916; scratch/q1r_W_evDW_evidence.out:1124
scratch/q1r_W_evDW_tag_typed.pv	proverif/sp7_q1_strict_repo_compromised.pv:206	true	true	-	true	true	false	-	false	scratch/q1r_W_evDW_tag_typed.out:560; scratch/q1r_W_evDW_tag_typed.out:574; scratch/q1r_W_evDW_tag_typed.out:588; scratch/q1r_W_evDW_tag_typed.out:602; scratch/q1r_W_evDW_tag_typed.out:935; scratch/q1r_W_evDW_tag_typed.out:1144
scratch/q1r_W_evDW_digest_typed.pv	proverif/sp7_q1_strict_repo_compromised.pv:206	true	true	-	true	true	false	-	false	scratch/q1r_W_evDW_digest_typed.out:561; scratch/q1r_W_evDW_digest_typed.out:575; scratch/q1r_W_evDW_digest_typed.out:589; scratch/q1r_W_evDW_digest_typed.out:603; scratch/q1r_W_evDW_digest_typed.out:926; scratch/q1r_W_evDW_digest_typed.out:1135
scratch/q1r_W_evRW_evidence.pv	proverif/sp7_q1_strict_repo_compromised.pv:207	true	true	-	true	true	false	-	false	scratch/q1r_W_evRW_evidence.out:558; scratch/q1r_W_evRW_evidence.out:572; scratch/q1r_W_evRW_evidence.out:586; scratch/q1r_W_evRW_evidence.out:600; scratch/q1r_W_evRW_evidence.out:926; scratch/q1r_W_evRW_evidence.out:1135
scratch/q1r_W_evRW_tag_typed.pv	proverif/sp7_q1_strict_repo_compromised.pv:207	true	true	-	true	true	false	-	false	scratch/q1r_W_evRW_tag_typed.out:560; scratch/q1r_W_evRW_tag_typed.out:574; scratch/q1r_W_evRW_tag_typed.out:588; scratch/q1r_W_evRW_tag_typed.out:602; scratch/q1r_W_evRW_tag_typed.out:938; scratch/q1r_W_evRW_tag_typed.out:1147
scratch/q1r_W_evRW_digest_typed.pv	proverif/sp7_q1_strict_repo_compromised.pv:207	true	true	-	true	true	false	-	false	scratch/q1r_W_evRW_digest_typed.out:561; scratch/q1r_W_evRW_digest_typed.out:576; scratch/q1r_W_evRW_digest_typed.out:591; scratch/q1r_W_evRW_digest_typed.out:606; scratch/q1r_W_evRW_digest_typed.out:943; scratch/q1r_W_evRW_digest_typed.out:1153
scratch/q1r_W_slot.pv	proverif/sp7_q1_strict_repo_compromised.pv:209	true	true	-	true	true	false	-	false	scratch/q1r_W_slot.out:571; scratch/q1r_W_slot.out:598; scratch/q1r_W_slot.out:625; scratch/q1r_W_slot.out:652; scratch/q1r_W_slot.out:947; scratch/q1r_W_slot.out:1169
scratch/q1r_W_possession.pv	proverif/sp7_q1_strict_repo_compromised.pv:210	true	true	-	true	true	false	-	false	scratch/q1r_W_possession.out:558; scratch/q1r_W_possession.out:572; scratch/q1r_W_possession.out:586; scratch/q1r_W_possession.out:600; scratch/q1r_W_possession.out:907; scratch/q1r_W_possession.out:1116
scratch/q1r_W_poss_tag_typed.pv	proverif/sp7_q1_strict_repo_compromised.pv:210	true	true	-	true	true	false	-	false	scratch/q1r_W_poss_tag_typed.out:560; scratch/q1r_W_poss_tag_typed.out:574; scratch/q1r_W_poss_tag_typed.out:588; scratch/q1r_W_poss_tag_typed.out:602; scratch/q1r_W_poss_tag_typed.out:935; scratch/q1r_W_poss_tag_typed.out:1144
scratch/q1r_W_poss_manifest_typed.pv	proverif/sp7_q1_strict_repo_compromised.pv:210	true	true	-	true	true	false	-	false	scratch/q1r_W_poss_manifest_typed.out:564; scratch/q1r_W_poss_manifest_typed.out:582; scratch/q1r_W_poss_manifest_typed.out:599; scratch/q1r_W_poss_manifest_typed.out:616; scratch/q1r_W_poss_manifest_typed.out:953; scratch/q1r_W_poss_manifest_typed.out:1165
scratch/q1r_W_signature.pv	proverif/sp7_q1_strict_repo_compromised.pv:211	true	true	-	true	true	false	-	false	scratch/q1r_W_signature.out:556; scratch/q1r_W_signature.out:567; scratch/q1r_W_signature.out:578; scratch/q1r_W_signature.out:589; scratch/q1r_W_signature.out:902; scratch/q1r_W_signature.out:1108
scratch/q1r_W_sig_tag_typed.pv	proverif/sp7_q1_strict_repo_compromised.pv:211	true	true	-	true	true	false	-	false	scratch/q1r_W_sig_tag_typed.out:560; scratch/q1r_W_sig_tag_typed.out:574; scratch/q1r_W_sig_tag_typed.out:588; scratch/q1r_W_sig_tag_typed.out:602; scratch/q1r_W_sig_tag_typed.out:935; scratch/q1r_W_sig_tag_typed.out:1144
scratch/q1r_W_sig_bytes_typed.pv	proverif/sp7_q1_strict_repo_compromised.pv:211	true	true	-	true	true	false	-	false	scratch/q1r_W_sig_bytes_typed.out:561; scratch/q1r_W_sig_bytes_typed.out:576; scratch/q1r_W_sig_bytes_typed.out:591; scratch/q1r_W_sig_bytes_typed.out:606; scratch/q1r_W_sig_bytes_typed.out:949; scratch/q1r_W_sig_bytes_typed.out:1159
scratch/q1r_W_type.pv	proverif/sp7_q1_strict_repo_compromised.pv:212	false	true	-	true	true	false	-	false	scratch/q1r_W_type.out:795; scratch/q1r_W_type.out:812; scratch/q1r_W_type.out:829; scratch/q1r_W_type.out:846; scratch/q1r_W_type.out:1182; scratch/q1r_W_type.out:1394
scratch/q1r_W_alg.pv	proverif/sp7_q1_strict_repo_compromised.pv:212	true	true	-	true	true	false	-	false	scratch/q1r_W_alg.out:560; scratch/q1r_W_alg.out:574; scratch/q1r_W_alg.out:588; scratch/q1r_W_alg.out:602; scratch/q1r_W_alg.out:935; scratch/q1r_W_alg.out:1144
scratch/q1r_W_id.pv	proverif/sp7_q1_strict_repo_compromised.pv:212	true	true	-	true	true	false	-	false	scratch/q1r_W_id.out:560; scratch/q1r_W_id.out:574; scratch/q1r_W_id.out:588; scratch/q1r_W_id.out:602; scratch/q1r_W_id.out:935; scratch/q1r_W_id.out:1144
scratch/q1r_W_fp.pv	proverif/sp7_q1_strict_repo_compromised.pv:212	true	true	-	true	true	false	-	false	scratch/q1r_W_fp.out:560; scratch/q1r_W_fp.out:574; scratch/q1r_W_fp.out:588; scratch/q1r_W_fp.out:602; scratch/q1r_W_fp.out:935; scratch/q1r_W_fp.out:1144
scratch/q1r_W_hash.pv	proverif/sp7_q1_strict_repo_compromised.pv:213	true	true	-	true	true	false	-	false	scratch/q1r_W_hash.out:558; scratch/q1r_W_hash.out:572; scratch/q1r_W_hash.out:586; scratch/q1r_W_hash.out:600; scratch/q1r_W_hash.out:933; scratch/q1r_W_hash.out:1142
scratch/q2_I_evI_evidence.pv	proverif/sp7_q2_degraded_compromised.pv:248	true	true	-	true	true	false	-	false	scratch/q2_I_evI_evidence.out:500; scratch/q2_I_evI_evidence.out:513; scratch/q2_I_evI_evidence.out:526; scratch/q2_I_evI_evidence.out:539; scratch/q2_I_evI_evidence.out:834; scratch/q2_I_evI_evidence.out:1017
scratch/q2_I_evI_tag_typed.pv	proverif/sp7_q2_degraded_compromised.pv:248	true	true	-	true	true	false	-	false	scratch/q2_I_evI_tag_typed.out:505; scratch/q2_I_evI_tag_typed.out:518; scratch/q2_I_evI_tag_typed.out:531; scratch/q2_I_evI_tag_typed.out:544; scratch/q2_I_evI_tag_typed.out:849; scratch/q2_I_evI_tag_typed.out:1045
scratch/q2_I_evI_digest_typed.pv	proverif/sp7_q2_degraded_compromised.pv:248	true	true	-	true	true	false	-	false	scratch/q2_I_evI_digest_typed.out:506; scratch/q2_I_evI_digest_typed.out:520; scratch/q2_I_evI_digest_typed.out:533; scratch/q2_I_evI_digest_typed.out:546; scratch/q2_I_evI_digest_typed.out:852; scratch/q2_I_evI_digest_typed.out:1051
scratch/q2_I_slot.pv	proverif/sp7_q2_degraded_compromised.pv:250	true	true	-	true	true	false	-	false	scratch/q2_I_slot.out:506; scratch/q2_I_slot.out:524; scratch/q2_I_slot.out:541; scratch/q2_I_slot.out:559; scratch/q2_I_slot.out:866; scratch/q2_I_slot.out:1066
scratch/q2_I_possession.pv	proverif/sp7_q2_degraded_compromised.pv:251	true	true	-	true	true	false	-	false	scratch/q2_I_possession.out:497; scratch/q2_I_possession.out:506; scratch/q2_I_possession.out:515; scratch/q2_I_possession.out:524; scratch/q2_I_possession.out:808; scratch/q2_I_possession.out:986
scratch/q2_I_poss_tag_typed.pv	proverif/sp7_q2_degraded_compromised.pv:251	true	true	-	true	true	false	-	false	scratch/q2_I_poss_tag_typed.out:505; scratch/q2_I_poss_tag_typed.out:518; scratch/q2_I_poss_tag_typed.out:531; scratch/q2_I_poss_tag_typed.out:544; scratch/q2_I_poss_tag_typed.out:846; scratch/q2_I_poss_tag_typed.out:1042
scratch/q2_I_poss_manifest_typed.pv	proverif/sp7_q2_degraded_compromised.pv:251	true	true	-	true	true	false	-	false	scratch/q2_I_poss_manifest_typed.out:505; scratch/q2_I_poss_manifest_typed.out:518; scratch/q2_I_poss_manifest_typed.out:531; scratch/q2_I_poss_manifest_typed.out:544; scratch/q2_I_poss_manifest_typed.out:846; scratch/q2_I_poss_manifest_typed.out:1042
scratch/q2_I_signature.pv	proverif/sp7_q2_degraded_compromised.pv:252	true	true	-	false	true	false	-	false	scratch/q2_I_signature.out:499; scratch/q2_I_signature.out:510; scratch/q2_I_signature.out:833; scratch/q2_I_signature.out:844; scratch/q2_I_signature.out:1133; scratch/q2_I_signature.out:1316
scratch/q2_I_sig_tag_typed.pv	proverif/sp7_q2_degraded_compromised.pv:252	true	true	-	true	true	false	-	false	scratch/q2_I_sig_tag_typed.out:505; scratch/q2_I_sig_tag_typed.out:518; scratch/q2_I_sig_tag_typed.out:531; scratch/q2_I_sig_tag_typed.out:544; scratch/q2_I_sig_tag_typed.out:846; scratch/q2_I_sig_tag_typed.out:1042
scratch/q2_I_sig_bytes_typed.pv	proverif/sp7_q2_degraded_compromised.pv:252	true	true	-	false	true	false	-	false	scratch/q2_I_sig_bytes_typed.out:514; scratch/q2_I_sig_bytes_typed.out:537; scratch/q2_I_sig_bytes_typed.out:876; scratch/q2_I_sig_bytes_typed.out:899; scratch/q2_I_sig_bytes_typed.out:1215; scratch/q2_I_sig_bytes_typed.out:1423
scratch/q2_I_type.pv	proverif/sp7_q2_degraded_compromised.pv:253	false	true	-	true	true	false	-	false	scratch/q2_I_type.out:727; scratch/q2_I_type.out:744; scratch/q2_I_type.out:761; scratch/q2_I_type.out:778; scratch/q2_I_type.out:1084; scratch/q2_I_type.out:1284
scratch/q2_I_alg.pv	proverif/sp7_q2_degraded_compromised.pv:253	true	true	-	true	true	false	-	false	scratch/q2_I_alg.out:505; scratch/q2_I_alg.out:518; scratch/q2_I_alg.out:531; scratch/q2_I_alg.out:544; scratch/q2_I_alg.out:846; scratch/q2_I_alg.out:1042
scratch/q2_I_id.pv	proverif/sp7_q2_degraded_compromised.pv:253	true	true	-	true	true	false	-	false	scratch/q2_I_id.out:505; scratch/q2_I_id.out:518; scratch/q2_I_id.out:531; scratch/q2_I_id.out:544; scratch/q2_I_id.out:846; scratch/q2_I_id.out:1042
scratch/q2_I_fp.pv	proverif/sp7_q2_degraded_compromised.pv:253	true	true	-	true	true	false	-	false	scratch/q2_I_fp.out:505; scratch/q2_I_fp.out:518; scratch/q2_I_fp.out:531; scratch/q2_I_fp.out:544; scratch/q2_I_fp.out:846; scratch/q2_I_fp.out:1042
scratch/q2_I_hash.pv	proverif/sp7_q2_degraded_compromised.pv:254	true	true	-	true	true	false	-	false	scratch/q2_I_hash.out:501; scratch/q2_I_hash.out:514; scratch/q2_I_hash.out:526; scratch/q2_I_hash.out:538; scratch/q2_I_hash.out:839; scratch/q2_I_hash.out:1034
scratch/q2_W_evW_evidence.pv	proverif/sp7_q2_degraded_compromised.pv:274	true	true	-	true	true	false	-	false	scratch/q2_W_evW_evidence.out:503; scratch/q2_W_evW_evidence.out:516; scratch/q2_W_evW_evidence.out:528; scratch/q2_W_evW_evidence.out:541; scratch/q2_W_evW_evidence.out:836; scratch/q2_W_evW_evidence.out:1031
scratch/q2_W_evW_tag_typed.pv	proverif/sp7_q2_degraded_compromised.pv:274	true	true	-	true	true	false	-	false	scratch/q2_W_evW_tag_typed.out:505; scratch/q2_W_evW_tag_typed.out:518; scratch/q2_W_evW_tag_typed.out:531; scratch/q2_W_evW_tag_typed.out:544; scratch/q2_W_evW_tag_typed.out:849; scratch/q2_W_evW_tag_typed.out:1045
scratch/q2_W_evW_digest_typed.pv	proverif/sp7_q2_degraded_compromised.pv:274	true	true	-	true	true	false	-	false	scratch/q2_W_evW_digest_typed.out:506; scratch/q2_W_evW_digest_typed.out:520; scratch/q2_W_evW_digest_typed.out:533; scratch/q2_W_evW_digest_typed.out:546; scratch/q2_W_evW_digest_typed.out:852; scratch/q2_W_evW_digest_typed.out:1048
scratch/q2_W_slot.pv	proverif/sp7_q2_degraded_compromised.pv:276	true	true	-	true	true	false	-	false	scratch/q2_W_slot.out:507; scratch/q2_W_slot.out:524; scratch/q2_W_slot.out:540; scratch/q2_W_slot.out:556; scratch/q2_W_slot.out:865; scratch/q2_W_slot.out:1064
scratch/q2_W_possession.pv	proverif/sp7_q2_degraded_compromised.pv:277	true	true	-	true	true	false	-	false	scratch/q2_W_possession.out:500; scratch/q2_W_possession.out:510; scratch/q2_W_possession.out:520; scratch/q2_W_possession.out:530; scratch/q2_W_possession.out:819; scratch/q2_W_possession.out:1012
scratch/q2_W_poss_tag_typed.pv	proverif/sp7_q2_degraded_compromised.pv:277	true	true	-	true	true	false	-	false	scratch/q2_W_poss_tag_typed.out:505; scratch/q2_W_poss_tag_typed.out:518; scratch/q2_W_poss_tag_typed.out:531; scratch/q2_W_poss_tag_typed.out:544; scratch/q2_W_poss_tag_typed.out:846; scratch/q2_W_poss_tag_typed.out:1042
scratch/q2_W_poss_manifest_typed.pv	proverif/sp7_q2_degraded_compromised.pv:277	true	true	-	true	true	false	-	false	scratch/q2_W_poss_manifest_typed.out:505; scratch/q2_W_poss_manifest_typed.out:518; scratch/q2_W_poss_manifest_typed.out:531; scratch/q2_W_poss_manifest_typed.out:544; scratch/q2_W_poss_manifest_typed.out:849; scratch/q2_W_poss_manifest_typed.out:1045
scratch/q2_W_signature.pv	proverif/sp7_q2_degraded_compromised.pv:278	true	true	-	true	true	false	-	false	scratch/q2_W_signature.out:501; scratch/q2_W_signature.out:511; scratch/q2_W_signature.out:521; scratch/q2_W_signature.out:531; scratch/q2_W_signature.out:820; scratch/q2_W_signature.out:1013
scratch/q2_W_sig_tag_typed.pv	proverif/sp7_q2_degraded_compromised.pv:278	true	true	-	true	true	false	-	false	scratch/q2_W_sig_tag_typed.out:505; scratch/q2_W_sig_tag_typed.out:518; scratch/q2_W_sig_tag_typed.out:531; scratch/q2_W_sig_tag_typed.out:544; scratch/q2_W_sig_tag_typed.out:846; scratch/q2_W_sig_tag_typed.out:1042
scratch/q2_W_sig_bytes_typed.pv	proverif/sp7_q2_degraded_compromised.pv:278	true	true	-	true	true	false	-	false	scratch/q2_W_sig_bytes_typed.out:507; scratch/q2_W_sig_bytes_typed.out:522; scratch/q2_W_sig_bytes_typed.out:536; scratch/q2_W_sig_bytes_typed.out:550; scratch/q2_W_sig_bytes_typed.out:857; scratch/q2_W_sig_bytes_typed.out:1054
scratch/q2_W_type.pv	proverif/sp7_q2_degraded_compromised.pv:279	false	true	-	true	true	false	-	false	scratch/q2_W_type.out:723; scratch/q2_W_type.out:738; scratch/q2_W_type.out:753; scratch/q2_W_type.out:768; scratch/q2_W_type.out:1072; scratch/q2_W_type.out:1270
scratch/q2_W_alg.pv	proverif/sp7_q2_degraded_compromised.pv:279	true	true	-	true	true	false	-	false	scratch/q2_W_alg.out:505; scratch/q2_W_alg.out:518; scratch/q2_W_alg.out:531; scratch/q2_W_alg.out:544; scratch/q2_W_alg.out:849; scratch/q2_W_alg.out:1045
scratch/q2_W_id.pv	proverif/sp7_q2_degraded_compromised.pv:279	true	true	-	true	true	false	-	false	scratch/q2_W_id.out:505; scratch/q2_W_id.out:518; scratch/q2_W_id.out:531; scratch/q2_W_id.out:544; scratch/q2_W_id.out:849; scratch/q2_W_id.out:1045
scratch/q2_W_fp.pv	proverif/sp7_q2_degraded_compromised.pv:279	true	true	-	true	true	false	-	false	scratch/q2_W_fp.out:505; scratch/q2_W_fp.out:518; scratch/q2_W_fp.out:531; scratch/q2_W_fp.out:544; scratch/q2_W_fp.out:849; scratch/q2_W_fp.out:1045
scratch/q2_W_hash.pv	proverif/sp7_q2_degraded_compromised.pv:280	true	true	-	true	true	false	-	false	scratch/q2_W_hash.out:503; scratch/q2_W_hash.out:516; scratch/q2_W_hash.out:529; scratch/q2_W_hash.out:542; scratch/q2_W_hash.out:847; scratch/q2_W_hash.out:1043
scratch/q4o_I_evDI_evidence.pv	proverif/sp7_q4_control_opaque_twoversion.pv:153	true	true	-	true	-	false	-	false	scratch/q4o_I_evDI_evidence.out:555; scratch/q4o_I_evDI_evidence.out:569; scratch/q4o_I_evDI_evidence.out:583; scratch/q4o_I_evDI_evidence.out:914; scratch/q4o_I_evDI_evidence.out:1115
scratch/q4o_I_evDI_tag_typed.pv	proverif/sp7_q4_control_opaque_twoversion.pv:153	true	true	-	true	-	false	-	false	scratch/q4o_I_evDI_tag_typed.out:560; scratch/q4o_I_evDI_tag_typed.out:574; scratch/q4o_I_evDI_tag_typed.out:588; scratch/q4o_I_evDI_tag_typed.out:929; scratch/q4o_I_evDI_tag_typed.out:1143
scratch/q4o_I_evDI_digest_typed.pv	proverif/sp7_q4_control_opaque_twoversion.pv:153	true	true	-	true	-	false	-	false	scratch/q4o_I_evDI_digest_typed.out:560; scratch/q4o_I_evDI_digest_typed.out:574; scratch/q4o_I_evDI_digest_typed.out:588; scratch/q4o_I_evDI_digest_typed.out:929; scratch/q4o_I_evDI_digest_typed.out:1146
scratch/q4o_I_evRI_evidence.pv	proverif/sp7_q4_control_opaque_twoversion.pv:154	true	true	-	true	-	false	-	false	scratch/q4o_I_evRI_evidence.out:554; scratch/q4o_I_evRI_evidence.out:567; scratch/q4o_I_evRI_evidence.out:580; scratch/q4o_I_evRI_evidence.out:913; scratch/q4o_I_evRI_evidence.out:1122
scratch/q4o_I_evRI_tag_typed.pv	proverif/sp7_q4_control_opaque_twoversion.pv:154	true	true	-	true	-	false	-	false	scratch/q4o_I_evRI_tag_typed.out:560; scratch/q4o_I_evRI_tag_typed.out:574; scratch/q4o_I_evRI_tag_typed.out:588; scratch/q4o_I_evRI_tag_typed.out:926; scratch/q4o_I_evRI_tag_typed.out:1140
scratch/q4o_I_evRI_digest_typed.pv	proverif/sp7_q4_control_opaque_twoversion.pv:154	true	true	-	true	-	false	-	false	scratch/q4o_I_evRI_digest_typed.out:560; scratch/q4o_I_evRI_digest_typed.out:574; scratch/q4o_I_evRI_digest_typed.out:588; scratch/q4o_I_evRI_digest_typed.out:919; scratch/q4o_I_evRI_digest_typed.out:1133
scratch/q4o_I_slot.pv	proverif/sp7_q4_control_opaque_twoversion.pv:156	true	true	-	true	-	false	-	false	scratch/q4o_I_slot.out:570; scratch/q4o_I_slot.out:598; scratch/q4o_I_slot.out:626; scratch/q4o_I_slot.out:978; scratch/q4o_I_slot.out:1206
scratch/q4o_I_possession.pv	proverif/sp7_q4_control_opaque_twoversion.pv:157	true	true	-	true	-	false	-	false	scratch/q4o_I_possession.out:555; scratch/q4o_I_possession.out:568; scratch/q4o_I_possession.out:581; scratch/q4o_I_possession.out:904; scratch/q4o_I_possession.out:1103
scratch/q4o_I_poss_tag_typed.pv	proverif/sp7_q4_control_opaque_twoversion.pv:157	true	true	-	true	-	false	-	false	scratch/q4o_I_poss_tag_typed.out:560; scratch/q4o_I_poss_tag_typed.out:574; scratch/q4o_I_poss_tag_typed.out:588; scratch/q4o_I_poss_tag_typed.out:926; scratch/q4o_I_poss_tag_typed.out:1140
scratch/q4o_I_poss_manifest_typed.pv	proverif/sp7_q4_control_opaque_twoversion.pv:157	true	true	-	true	-	false	-	false	scratch/q4o_I_poss_manifest_typed.out:564; scratch/q4o_I_poss_manifest_typed.out:581; scratch/q4o_I_poss_manifest_typed.out:598; scratch/q4o_I_poss_manifest_typed.out:939; scratch/q4o_I_poss_manifest_typed.out:1156
scratch/q4o_I_signature.pv	proverif/sp7_q4_control_opaque_twoversion.pv:158	true	true	-	false	-	false	-	false	scratch/q4o_I_signature.out:554; scratch/q4o_I_signature.out:566; scratch/q4o_I_signature.out:852; scratch/q4o_I_signature.out:1177; scratch/q4o_I_signature.out:1377
scratch/q4o_I_sig_tag_typed.pv	proverif/sp7_q4_control_opaque_twoversion.pv:158	true	true	-	true	-	false	-	false	scratch/q4o_I_sig_tag_typed.out:560; scratch/q4o_I_sig_tag_typed.out:574; scratch/q4o_I_sig_tag_typed.out:588; scratch/q4o_I_sig_tag_typed.out:926; scratch/q4o_I_sig_tag_typed.out:1140
scratch/q4o_I_sig_bytes_typed.pv	proverif/sp7_q4_control_opaque_twoversion.pv:158	true	true	-	true	-	false	-	false	scratch/q4o_I_sig_bytes_typed.out:569; scratch/q4o_I_sig_bytes_typed.out:592; scratch/q4o_I_sig_bytes_typed.out:615; scratch/q4o_I_sig_bytes_typed.out:965; scratch/q4o_I_sig_bytes_typed.out:1191
scratch/q4o_I_type.pv	proverif/sp7_q4_control_opaque_twoversion.pv:159	true	true	-	true	-	false	-	false	scratch/q4o_I_type.out:560; scratch/q4o_I_type.out:574; scratch/q4o_I_type.out:588; scratch/q4o_I_type.out:926; scratch/q4o_I_type.out:1140
scratch/q4o_I_alg.pv	proverif/sp7_q4_control_opaque_twoversion.pv:159	true	true	-	true	-	false	-	false	scratch/q4o_I_alg.out:560; scratch/q4o_I_alg.out:574; scratch/q4o_I_alg.out:588; scratch/q4o_I_alg.out:926; scratch/q4o_I_alg.out:1140
scratch/q4o_I_id.pv	proverif/sp7_q4_control_opaque_twoversion.pv:159	true	true	-	true	-	false	-	false	scratch/q4o_I_id.out:560; scratch/q4o_I_id.out:574; scratch/q4o_I_id.out:588; scratch/q4o_I_id.out:926; scratch/q4o_I_id.out:1140
scratch/q4o_I_fp.pv	proverif/sp7_q4_control_opaque_twoversion.pv:159	true	true	-	true	-	false	-	false	scratch/q4o_I_fp.out:560; scratch/q4o_I_fp.out:574; scratch/q4o_I_fp.out:588; scratch/q4o_I_fp.out:926; scratch/q4o_I_fp.out:1140
scratch/q4o_I_hash.pv	proverif/sp7_q4_control_opaque_twoversion.pv:160	true	true	-	true	-	false	-	false	scratch/q4o_I_hash.out:556; scratch/q4o_I_hash.out:570; scratch/q4o_I_hash.out:584; scratch/q4o_I_hash.out:922; scratch/q4o_I_hash.out:1136
scratch/q4o_W_evDW_evidence.pv	proverif/sp7_q4_control_opaque_twoversion.pv:180	true	true	-	true	-	false	-	false	scratch/q4o_W_evDW_evidence.out:558; scratch/q4o_W_evDW_evidence.out:572; scratch/q4o_W_evDW_evidence.out:585; scratch/q4o_W_evDW_evidence.out:915; scratch/q4o_W_evDW_evidence.out:1128
scratch/q4o_W_evDW_tag_typed.pv	proverif/sp7_q4_control_opaque_twoversion.pv:180	true	true	-	true	-	false	-	false	scratch/q4o_W_evDW_tag_typed.out:560; scratch/q4o_W_evDW_tag_typed.out:574; scratch/q4o_W_evDW_tag_typed.out:588; scratch/q4o_W_evDW_tag_typed.out:929; scratch/q4o_W_evDW_tag_typed.out:1143
scratch/q4o_W_evDW_digest_typed.pv	proverif/sp7_q4_control_opaque_twoversion.pv:180	true	true	-	true	-	false	-	false	scratch/q4o_W_evDW_digest_typed.out:561; scratch/q4o_W_evDW_digest_typed.out:575; scratch/q4o_W_evDW_digest_typed.out:589; scratch/q4o_W_evDW_digest_typed.out:930; scratch/q4o_W_evDW_digest_typed.out:1144
scratch/q4o_W_evRW_evidence.pv	proverif/sp7_q4_control_opaque_twoversion.pv:181	true	true	-	true	-	false	-	false	scratch/q4o_W_evRW_evidence.out:557; scratch/q4o_W_evRW_evidence.out:570; scratch/q4o_W_evRW_evidence.out:583; scratch/q4o_W_evRW_evidence.out:906; scratch/q4o_W_evRW_evidence.out:1119
scratch/q4o_W_evRW_tag_typed.pv	proverif/sp7_q4_control_opaque_twoversion.pv:181	true	true	-	true	-	false	-	false	scratch/q4o_W_evRW_tag_typed.out:560; scratch/q4o_W_evRW_tag_typed.out:574; scratch/q4o_W_evRW_tag_typed.out:588; scratch/q4o_W_evRW_tag_typed.out:926; scratch/q4o_W_evRW_tag_typed.out:1140
scratch/q4o_W_evRW_digest_typed.pv	proverif/sp7_q4_control_opaque_twoversion.pv:181	true	true	-	true	-	false	-	false	scratch/q4o_W_evRW_digest_typed.out:560; scratch/q4o_W_evRW_digest_typed.out:574; scratch/q4o_W_evRW_digest_typed.out:588; scratch/q4o_W_evRW_digest_typed.out:916; scratch/q4o_W_evRW_digest_typed.out:1130
scratch/q4o_W_slot.pv	proverif/sp7_q4_control_opaque_twoversion.pv:183	true	true	-	true	-	false	-	false	scratch/q4o_W_slot.out:570; scratch/q4o_W_slot.out:596; scratch/q4o_W_slot.out:622; scratch/q4o_W_slot.out:921; scratch/q4o_W_slot.out:1147
scratch/q4o_W_possession.pv	proverif/sp7_q4_control_opaque_twoversion.pv:184	true	true	-	true	-	false	-	false	scratch/q4o_W_possession.out:557; scratch/q4o_W_possession.out:570; scratch/q4o_W_possession.out:583; scratch/q4o_W_possession.out:894; scratch/q4o_W_possession.out:1107
scratch/q4o_W_poss_tag_typed.pv	proverif/sp7_q4_control_opaque_twoversion.pv:184	true	true	-	true	-	false	-	false	scratch/q4o_W_poss_tag_typed.out:560; scratch/q4o_W_poss_tag_typed.out:574; scratch/q4o_W_poss_tag_typed.out:588; scratch/q4o_W_poss_tag_typed.out:926; scratch/q4o_W_poss_tag_typed.out:1140
scratch/q4o_W_poss_manifest_typed.pv	proverif/sp7_q4_control_opaque_twoversion.pv:184	true	true	-	true	-	false	-	false	scratch/q4o_W_poss_manifest_typed.out:563; scratch/q4o_W_poss_manifest_typed.out:580; scratch/q4o_W_poss_manifest_typed.out:597; scratch/q4o_W_poss_manifest_typed.out:938; scratch/q4o_W_poss_manifest_typed.out:1155
scratch/q4o_W_signature.pv	proverif/sp7_q4_control_opaque_twoversion.pv:185	true	true	-	true	-	false	-	false	scratch/q4o_W_signature.out:555; scratch/q4o_W_signature.out:566; scratch/q4o_W_signature.out:577; scratch/q4o_W_signature.out:895; scratch/q4o_W_signature.out:1106
scratch/q4o_W_sig_tag_typed.pv	proverif/sp7_q4_control_opaque_twoversion.pv:185	true	true	-	true	-	false	-	false	scratch/q4o_W_sig_tag_typed.out:560; scratch/q4o_W_sig_tag_typed.out:574; scratch/q4o_W_sig_tag_typed.out:588; scratch/q4o_W_sig_tag_typed.out:926; scratch/q4o_W_sig_tag_typed.out:1140
scratch/q4o_W_sig_bytes_typed.pv	proverif/sp7_q4_control_opaque_twoversion.pv:185	true	true	-	true	-	false	-	false	scratch/q4o_W_sig_bytes_typed.out:561; scratch/q4o_W_sig_bytes_typed.out:576; scratch/q4o_W_sig_bytes_typed.out:591; scratch/q4o_W_sig_bytes_typed.out:939; scratch/q4o_W_sig_bytes_typed.out:1154
scratch/q4o_W_type.pv	proverif/sp7_q4_control_opaque_twoversion.pv:186	false	true	-	true	-	false	-	false	scratch/q4o_W_type.out:793; scratch/q4o_W_type.out:808; scratch/q4o_W_type.out:822; scratch/q4o_W_type.out:1161; scratch/q4o_W_type.out:1376
scratch/q4o_W_alg.pv	proverif/sp7_q4_control_opaque_twoversion.pv:186	true	true	-	true	-	false	-	false	scratch/q4o_W_alg.out:560; scratch/q4o_W_alg.out:574; scratch/q4o_W_alg.out:588; scratch/q4o_W_alg.out:926; scratch/q4o_W_alg.out:1140
scratch/q4o_W_id.pv	proverif/sp7_q4_control_opaque_twoversion.pv:186	true	true	-	true	-	false	-	false	scratch/q4o_W_id.out:560; scratch/q4o_W_id.out:574; scratch/q4o_W_id.out:588; scratch/q4o_W_id.out:926; scratch/q4o_W_id.out:1140
scratch/q4o_W_fp.pv	proverif/sp7_q4_control_opaque_twoversion.pv:186	true	true	-	true	-	false	-	false	scratch/q4o_W_fp.out:560; scratch/q4o_W_fp.out:574; scratch/q4o_W_fp.out:588; scratch/q4o_W_fp.out:926; scratch/q4o_W_fp.out:1140
scratch/q4o_W_hash.pv	proverif/sp7_q4_control_opaque_twoversion.pv:187	true	true	-	true	-	false	-	false	scratch/q4o_W_hash.out:558; scratch/q4o_W_hash.out:572; scratch/q4o_W_hash.out:586; scratch/q4o_W_hash.out:924; scratch/q4o_W_hash.out:1138
scratch/q5_I_evI_evidence.pv	proverif/sp7_q5_depth2_correct.pv:179	true	true	true	true	true	false	false	false	scratch/q5_I_evI_evidence.out:646; scratch/q5_I_evI_evidence.out:683; scratch/q5_I_evI_evidence.out:720; scratch/q5_I_evI_evidence.out:757; scratch/q5_I_evI_evidence.out:794; scratch/q5_I_evI_evidence.out:1113; scratch/q5_I_evI_evidence.out:1545; scratch/q5_I_evI_evidence.out:1752
scratch/q5_I_evI_tag_typed.pv	proverif/sp7_q5_depth2_correct.pv:179	true	true	true	true	true	false	false	false	scratch/q5_I_evI_tag_typed.out:654; scratch/q5_I_evI_tag_typed.out:692; scratch/q5_I_evI_tag_typed.out:730; scratch/q5_I_evI_tag_typed.out:768; scratch/q5_I_evI_tag_typed.out:806; scratch/q5_I_evI_tag_typed.out:1136; scratch/q5_I_evI_tag_typed.out:1579; scratch/q5_I_evI_tag_typed.out:1800
scratch/q5_I_evI_digest_typed.pv	proverif/sp7_q5_depth2_correct.pv:179	true	true	true	true	true	false	false	false	scratch/q5_I_evI_digest_typed.out:657; scratch/q5_I_evI_digest_typed.out:698; scratch/q5_I_evI_digest_typed.out:739; scratch/q5_I_evI_digest_typed.out:779; scratch/q5_I_evI_digest_typed.out:819; scratch/q5_I_evI_digest_typed.out:1151; scratch/q5_I_evI_digest_typed.out:1596; scratch/q5_I_evI_digest_typed.out:1822
scratch/q5_I_slot.pv	proverif/sp7_q5_depth2_correct.pv:181	true	true	true	true	true	false	false	false	scratch/q5_I_slot.out:670; scratch/q5_I_slot.out:730; scratch/q5_I_slot.out:790; scratch/q5_I_slot.out:849; scratch/q5_I_slot.out:908; scratch/q5_I_slot.out:1257; scratch/q5_I_slot.out:1719; scratch/q5_I_slot.out:1961
scratch/q5_I_possession.pv	proverif/sp7_q5_depth2_correct.pv:182	true	true	true	true	true	false	false	false	scratch/q5_I_possession.out:632; scratch/q5_I_possession.out:654; scratch/q5_I_possession.out:676; scratch/q5_I_possession.out:698; scratch/q5_I_possession.out:720; scratch/q5_I_possession.out:1017; scratch/q5_I_possession.out:1427; scratch/q5_I_possession.out:1618
scratch/q5_I_poss_tag_typed.pv	proverif/sp7_q5_depth2_correct.pv:182	true	true	true	true	true	false	false	false	scratch/q5_I_poss_tag_typed.out:654; scratch/q5_I_poss_tag_typed.out:692; scratch/q5_I_poss_tag_typed.out:730; scratch/q5_I_poss_tag_typed.out:768; scratch/q5_I_poss_tag_typed.out:806; scratch/q5_I_poss_tag_typed.out:1133; scratch/q5_I_poss_tag_typed.out:1573; scratch/q5_I_poss_tag_typed.out:1794
scratch/q5_I_poss_manifest_typed.pv	proverif/sp7_q5_depth2_correct.pv:182	true	true	true	true	true	false	false	false	scratch/q5_I_poss_manifest_typed.out:657; scratch/q5_I_poss_manifest_typed.out:698; scratch/q5_I_poss_manifest_typed.out:739; scratch/q5_I_poss_manifest_typed.out:780; scratch/q5_I_poss_manifest_typed.out:821; scratch/q5_I_poss_manifest_typed.out:1151; scratch/q5_I_poss_manifest_typed.out:1594; scratch/q5_I_poss_manifest_typed.out:1818
scratch/q5_I_signature.pv	proverif/sp7_q5_depth2_correct.pv:183	true	true	true	false	true	false	false	false	scratch/q5_I_signature.out:638; scratch/q5_I_signature.out:666; scratch/q5_I_signature.out:694; scratch/q5_I_signature.out:1034; scratch/q5_I_signature.out:1062; scratch/q5_I_signature.out:1369; scratch/q5_I_signature.out:1789; scratch/q5_I_signature.out:1989
scratch/q5_I_sig_tag_typed.pv	proverif/sp7_q5_depth2_correct.pv:183	true	true	true	true	true	false	false	false	scratch/q5_I_sig_tag_typed.out:654; scratch/q5_I_sig_tag_typed.out:692; scratch/q5_I_sig_tag_typed.out:730; scratch/q5_I_sig_tag_typed.out:768; scratch/q5_I_sig_tag_typed.out:806; scratch/q5_I_sig_tag_typed.out:1133; scratch/q5_I_sig_tag_typed.out:1573; scratch/q5_I_sig_tag_typed.out:1794
scratch/q5_I_sig_bytes_typed.pv	proverif/sp7_q5_depth2_correct.pv:183	true	true	true	false	true	false	false	false	scratch/q5_I_sig_bytes_typed.out:678; scratch/q5_I_sig_bytes_typed.out:740; scratch/q5_I_sig_bytes_typed.out:802; scratch/q5_I_sig_bytes_typed.out:1181; scratch/q5_I_sig_bytes_typed.out:1243; scratch/q5_I_sig_bytes_typed.out:1598; scratch/q5_I_sig_bytes_typed.out:2065; scratch/q5_I_sig_bytes_typed.out:2313
scratch/q5_I_type.pv	proverif/sp7_q5_depth2_correct.pv:184	false	true	true	true	true	false	false	false	scratch/q5_I_type.out:892; scratch/q5_I_type.out:950; scratch/q5_I_type.out:1008; scratch/q5_I_type.out:1066; scratch/q5_I_type.out:1124; scratch/q5_I_type.out:1472; scratch/q5_I_type.out:1933; scratch/q5_I_type.out:2174
scratch/q5_I_alg.pv	proverif/sp7_q5_depth2_correct.pv:184	true	true	true	true	true	false	false	false	scratch/q5_I_alg.out:654; scratch/q5_I_alg.out:692; scratch/q5_I_alg.out:730; scratch/q5_I_alg.out:768; scratch/q5_I_alg.out:806; scratch/q5_I_alg.out:1133; scratch/q5_I_alg.out:1573; scratch/q5_I_alg.out:1794
scratch/q5_I_id.pv	proverif/sp7_q5_depth2_correct.pv:184	true	true	true	true	true	false	false	false	scratch/q5_I_id.out:654; scratch/q5_I_id.out:692; scratch/q5_I_id.out:730; scratch/q5_I_id.out:768; scratch/q5_I_id.out:806; scratch/q5_I_id.out:1133; scratch/q5_I_id.out:1573; scratch/q5_I_id.out:1794
scratch/q5_I_fp.pv	proverif/sp7_q5_depth2_correct.pv:184	true	true	true	true	true	false	false	false	scratch/q5_I_fp.out:654; scratch/q5_I_fp.out:692; scratch/q5_I_fp.out:730; scratch/q5_I_fp.out:767; scratch/q5_I_fp.out:804; scratch/q5_I_fp.out:1131; scratch/q5_I_fp.out:1571; scratch/q5_I_fp.out:1791
scratch/q5_I_hash.pv	proverif/sp7_q5_depth2_correct.pv:185	true	true	true	true	true	false	false	false	scratch/q5_I_hash.out:646; scratch/q5_I_hash.out:682; scratch/q5_I_hash.out:718; scratch/q5_I_hash.out:754; scratch/q5_I_hash.out:790; scratch/q5_I_hash.out:1115; scratch/q5_I_hash.out:1553; scratch/q5_I_hash.out:1772
scratch/q5_W_evW_evidence.pv	proverif/sp7_q5_depth2_correct.pv:205	true	true	true	true	true	false	false	false	scratch/q5_W_evW_evidence.out:652; scratch/q5_W_evW_evidence.out:690; scratch/q5_W_evW_evidence.out:728; scratch/q5_W_evW_evidence.out:766; scratch/q5_W_evW_evidence.out:804; scratch/q5_W_evW_evidence.out:1124; scratch/q5_W_evW_evidence.out:1564; scratch/q5_W_evW_evidence.out:1785
scratch/q5_W_evW_tag_typed.pv	proverif/sp7_q5_depth2_correct.pv:205	true	true	true	true	true	false	false	false	scratch/q5_W_evW_tag_typed.out:654; scratch/q5_W_evW_tag_typed.out:692; scratch/q5_W_evW_tag_typed.out:730; scratch/q5_W_evW_tag_typed.out:768; scratch/q5_W_evW_tag_typed.out:806; scratch/q5_W_evW_tag_typed.out:1136; scratch/q5_W_evW_tag_typed.out:1576; scratch/q5_W_evW_tag_typed.out:1797
scratch/q5_W_evW_digest_typed.pv	proverif/sp7_q5_depth2_correct.pv:205	true	true	true	true	true	false	false	false	scratch/q5_W_evW_digest_typed.out:655; scratch/q5_W_evW_digest_typed.out:694; scratch/q5_W_evW_digest_typed.out:733; scratch/q5_W_evW_digest_typed.out:771; scratch/q5_W_evW_digest_typed.out:810; scratch/q5_W_evW_digest_typed.out:1141; scratch/q5_W_evW_digest_typed.out:1582; scratch/q5_W_evW_digest_typed.out:1803
scratch/q5_W_slot.pv	proverif/sp7_q5_depth2_correct.pv:207	true	true	true	true	true	false	false	false	scratch/q5_W_slot.out:656; scratch/q5_W_slot.out:698; scratch/q5_W_slot.out:740; scratch/q5_W_slot.out:782; scratch/q5_W_slot.out:824; scratch/q5_W_slot.out:1158; scratch/q5_W_slot.out:1602; scratch/q5_W_slot.out:1827
scratch/q5_W_possession.pv	proverif/sp7_q5_depth2_correct.pv:208	true	true	true	true	true	false	false	false	scratch/q5_W_possession.out:649; scratch/q5_W_possession.out:684; scratch/q5_W_possession.out:719; scratch/q5_W_possession.out:754; scratch/q5_W_possession.out:789; scratch/q5_W_possession.out:1103; scratch/q5_W_possession.out:1540; scratch/q5_W_possession.out:1758
scratch/q5_W_poss_tag_typed.pv	proverif/sp7_q5_depth2_correct.pv:208	true	true	true	true	true	false	false	false	scratch/q5_W_poss_tag_typed.out:654; scratch/q5_W_poss_tag_typed.out:692; scratch/q5_W_poss_tag_typed.out:730; scratch/q5_W_poss_tag_typed.out:768; scratch/q5_W_poss_tag_typed.out:806; scratch/q5_W_poss_tag_typed.out:1133; scratch/q5_W_poss_tag_typed.out:1573; scratch/q5_W_poss_tag_typed.out:1794
scratch/q5_W_poss_manifest_typed.pv	proverif/sp7_q5_depth2_correct.pv:208	true	true	true	true	true	false	false	false	scratch/q5_W_poss_manifest_typed.out:654; scratch/q5_W_poss_manifest_typed.out:692; scratch/q5_W_poss_manifest_typed.out:730; scratch/q5_W_poss_manifest_typed.out:768; scratch/q5_W_poss_manifest_typed.out:806; scratch/q5_W_poss_manifest_typed.out:1136; scratch/q5_W_poss_manifest_typed.out:1576; scratch/q5_W_poss_manifest_typed.out:1797
scratch/q5_W_signature.pv	proverif/sp7_q5_depth2_correct.pv:209	true	true	true	true	true	false	false	false	scratch/q5_W_signature.out:650; scratch/q5_W_signature.out:686; scratch/q5_W_signature.out:722; scratch/q5_W_signature.out:757; scratch/q5_W_signature.out:792; scratch/q5_W_signature.out:1107; scratch/q5_W_signature.out:1545; scratch/q5_W_signature.out:1763
scratch/q5_W_sig_tag_typed.pv	proverif/sp7_q5_depth2_correct.pv:209	true	true	true	true	true	false	false	false	scratch/q5_W_sig_tag_typed.out:654; scratch/q5_W_sig_tag_typed.out:692; scratch/q5_W_sig_tag_typed.out:730; scratch/q5_W_sig_tag_typed.out:768; scratch/q5_W_sig_tag_typed.out:806; scratch/q5_W_sig_tag_typed.out:1133; scratch/q5_W_sig_tag_typed.out:1573; scratch/q5_W_sig_tag_typed.out:1794
scratch/q5_W_sig_bytes_typed.pv	proverif/sp7_q5_depth2_correct.pv:209	true	true	true	true	true	false	false	false	scratch/q5_W_sig_bytes_typed.out:656; scratch/q5_W_sig_bytes_typed.out:696; scratch/q5_W_sig_bytes_typed.out:736; scratch/q5_W_sig_bytes_typed.out:775; scratch/q5_W_sig_bytes_typed.out:814; scratch/q5_W_sig_bytes_typed.out:1146; scratch/q5_W_sig_bytes_typed.out:1588; scratch/q5_W_sig_bytes_typed.out:1810
scratch/q5_W_type.pv	proverif/sp7_q5_depth2_correct.pv:210	false	true	true	true	true	false	false	false	scratch/q5_W_type.out:872; scratch/q5_W_type.out:912; scratch/q5_W_type.out:952; scratch/q5_W_type.out:992; scratch/q5_W_type.out:1032; scratch/q5_W_type.out:1361; scratch/q5_W_type.out:1803; scratch/q5_W_type.out:2026
scratch/q5_W_alg.pv	proverif/sp7_q5_depth2_correct.pv:210	true	true	true	true	true	false	false	false	scratch/q5_W_alg.out:654; scratch/q5_W_alg.out:692; scratch/q5_W_alg.out:730; scratch/q5_W_alg.out:768; scratch/q5_W_alg.out:806; scratch/q5_W_alg.out:1136; scratch/q5_W_alg.out:1576; scratch/q5_W_alg.out:1797
scratch/q5_W_id.pv	proverif/sp7_q5_depth2_correct.pv:210	true	true	true	true	true	false	false	false	scratch/q5_W_id.out:654; scratch/q5_W_id.out:692; scratch/q5_W_id.out:730; scratch/q5_W_id.out:768; scratch/q5_W_id.out:806; scratch/q5_W_id.out:1136; scratch/q5_W_id.out:1576; scratch/q5_W_id.out:1797
scratch/q5_W_fp.pv	proverif/sp7_q5_depth2_correct.pv:210	true	true	true	true	true	false	false	false	scratch/q5_W_fp.out:654; scratch/q5_W_fp.out:692; scratch/q5_W_fp.out:730; scratch/q5_W_fp.out:768; scratch/q5_W_fp.out:806; scratch/q5_W_fp.out:1136; scratch/q5_W_fp.out:1576; scratch/q5_W_fp.out:1797
scratch/q5_W_hash.pv	proverif/sp7_q5_depth2_correct.pv:211	true	true	true	true	true	false	false	false	scratch/q5_W_hash.out:652; scratch/q5_W_hash.out:690; scratch/q5_W_hash.out:728; scratch/q5_W_hash.out:766; scratch/q5_W_hash.out:804; scratch/q5_W_hash.out:1134; scratch/q5_W_hash.out:1574; scratch/q5_W_hash.out:1795
scratch/q5_O_evO_evidence.pv	proverif/sp7_q5_depth2_correct.pv:224	true	true	true	true	true	false	false	false	scratch/q5_O_evO_evidence.out:652; scratch/q5_O_evO_evidence.out:689; scratch/q5_O_evO_evidence.out:726; scratch/q5_O_evO_evidence.out:763; scratch/q5_O_evO_evidence.out:800; scratch/q5_O_evO_evidence.out:1126; scratch/q5_O_evO_evidence.out:1558; scratch/q5_O_evO_evidence.out:1778
scratch/q5_O_evO_tag_typed.pv	proverif/sp7_q5_depth2_correct.pv:224	true	true	true	true	true	false	false	false	scratch/q5_O_evO_tag_typed.out:654; scratch/q5_O_evO_tag_typed.out:692; scratch/q5_O_evO_tag_typed.out:730; scratch/q5_O_evO_tag_typed.out:768; scratch/q5_O_evO_tag_typed.out:806; scratch/q5_O_evO_tag_typed.out:1133; scratch/q5_O_evO_tag_typed.out:1576; scratch/q5_O_evO_tag_typed.out:1797
scratch/q5_O_evO_digest_typed.pv	proverif/sp7_q5_depth2_correct.pv:224	true	true	true	true	true	false	false	false	scratch/q5_O_evO_digest_typed.out:656; scratch/q5_O_evO_digest_typed.out:696; scratch/q5_O_evO_digest_typed.out:736; scratch/q5_O_evO_digest_typed.out:776; scratch/q5_O_evO_digest_typed.out:816; scratch/q5_O_evO_digest_typed.out:1145; scratch/q5_O_evO_digest_typed.out:1590; scratch/q5_O_evO_digest_typed.out:1813
scratch/q5_O_slot.pv	proverif/sp7_q5_depth2_correct.pv:226	true	true	true	true	true	false	false	false	scratch/q5_O_slot.out:674; scratch/q5_O_slot.out:734; scratch/q5_O_slot.out:794; scratch/q5_O_slot.out:854; scratch/q5_O_slot.out:914; scratch/q5_O_slot.out:1263; scratch/q5_O_slot.out:1728; scratch/q5_O_slot.out:1971
scratch/q5_O_possession.pv	proverif/sp7_q5_depth2_correct.pv:227	true	true	true	true	true	false	false	false	scratch/q5_O_possession.out:648; scratch/q5_O_possession.out:682; scratch/q5_O_possession.out:716; scratch/q5_O_possession.out:750; scratch/q5_O_possession.out:784; scratch/q5_O_possession.out:1107; scratch/q5_O_possession.out:1533; scratch/q5_O_possession.out:1750
scratch/q5_O_poss_tag_typed.pv	proverif/sp7_q5_depth2_correct.pv:227	true	true	true	true	true	false	false	false	scratch/q5_O_poss_tag_typed.out:654; scratch/q5_O_poss_tag_typed.out:692; scratch/q5_O_poss_tag_typed.out:730; scratch/q5_O_poss_tag_typed.out:768; scratch/q5_O_poss_tag_typed.out:806; scratch/q5_O_poss_tag_typed.out:1133; scratch/q5_O_poss_tag_typed.out:1573; scratch/q5_O_poss_tag_typed.out:1794
scratch/q5_O_poss_manifest_typed.pv	proverif/sp7_q5_depth2_correct.pv:227	true	true	true	true	true	false	false	false	scratch/q5_O_poss_manifest_typed.out:671; scratch/q5_O_poss_manifest_typed.out:726; scratch/q5_O_poss_manifest_typed.out:781; scratch/q5_O_poss_manifest_typed.out:836; scratch/q5_O_poss_manifest_typed.out:891; scratch/q5_O_poss_manifest_typed.out:1235; scratch/q5_O_poss_manifest_typed.out:1695; scratch/q5_O_poss_manifest_typed.out:1933
scratch/q5_O_signature.pv	proverif/sp7_q5_depth2_correct.pv:228	true	true	true	true	true	false	false	false	scratch/q5_O_signature.out:650; scratch/q5_O_signature.out:686; scratch/q5_O_signature.out:722; scratch/q5_O_signature.out:758; scratch/q5_O_signature.out:794; scratch/q5_O_signature.out:1119; scratch/q5_O_signature.out:1547; scratch/q5_O_signature.out:1766
scratch/q5_O_sig_tag_typed.pv	proverif/sp7_q5_depth2_correct.pv:228	true	true	true	true	true	false	false	false	scratch/q5_O_sig_tag_typed.out:654; scratch/q5_O_sig_tag_typed.out:692; scratch/q5_O_sig_tag_typed.out:730; scratch/q5_O_sig_tag_typed.out:768; scratch/q5_O_sig_tag_typed.out:806; scratch/q5_O_sig_tag_typed.out:1133; scratch/q5_O_sig_tag_typed.out:1573; scratch/q5_O_sig_tag_typed.out:1794
scratch/q5_O_sig_bytes_typed.pv	proverif/sp7_q5_depth2_correct.pv:228	true	true	true	true	true	false	false	false	scratch/q5_O_sig_bytes_typed.out:679; scratch/q5_O_sig_bytes_typed.out:742; scratch/q5_O_sig_bytes_typed.out:805; scratch/q5_O_sig_bytes_typed.out:868; scratch/q5_O_sig_bytes_typed.out:931; scratch/q5_O_sig_bytes_typed.out:1283; scratch/q5_O_sig_bytes_typed.out:1751; scratch/q5_O_sig_bytes_typed.out:1997
scratch/q5_O_type.pv	proverif/sp7_q5_depth2_correct.pv:229	false	true	true	true	true	false	false	false	scratch/q5_O_type.out:887; scratch/q5_O_type.out:926; scratch/q5_O_type.out:965; scratch/q5_O_type.out:1004; scratch/q5_O_type.out:1043; scratch/q5_O_type.out:1371; scratch/q5_O_type.out:1815; scratch/q5_O_type.out:2037
scratch/q5_O_alg.pv	proverif/sp7_q5_depth2_correct.pv:229	true	true	true	true	true	false	false	false	scratch/q5_O_alg.out:654; scratch/q5_O_alg.out:692; scratch/q5_O_alg.out:730; scratch/q5_O_alg.out:768; scratch/q5_O_alg.out:806; scratch/q5_O_alg.out:1133; scratch/q5_O_alg.out:1576; scratch/q5_O_alg.out:1797
scratch/q5_O_id.pv	proverif/sp7_q5_depth2_correct.pv:229	true	true	true	true	true	false	false	false	scratch/q5_O_id.out:654; scratch/q5_O_id.out:692; scratch/q5_O_id.out:730; scratch/q5_O_id.out:768; scratch/q5_O_id.out:806; scratch/q5_O_id.out:1133; scratch/q5_O_id.out:1576; scratch/q5_O_id.out:1797
scratch/q5_O_fp.pv	proverif/sp7_q5_depth2_correct.pv:229	true	true	true	true	true	false	false	false	scratch/q5_O_fp.out:654; scratch/q5_O_fp.out:692; scratch/q5_O_fp.out:730; scratch/q5_O_fp.out:768; scratch/q5_O_fp.out:806; scratch/q5_O_fp.out:1133; scratch/q5_O_fp.out:1576; scratch/q5_O_fp.out:1797
scratch/q5_O_hash.pv	proverif/sp7_q5_depth2_correct.pv:230	true	true	true	true	true	false	false	false	scratch/q5_O_hash.out:652; scratch/q5_O_hash.out:690; scratch/q5_O_hash.out:728; scratch/q5_O_hash.out:766; scratch/q5_O_hash.out:804; scratch/q5_O_hash.out:1131; scratch/q5_O_hash.out:1574; scratch/q5_O_hash.out:1795
scratch/q5_M_evM_evidence.pv	proverif/sp7_q5_depth2_correct.pv:233	true	true	true	true	true	false	false	false	scratch/q5_M_evM_evidence.out:652; scratch/q5_M_evM_evidence.out:690; scratch/q5_M_evM_evidence.out:728; scratch/q5_M_evM_evidence.out:765; scratch/q5_M_evM_evidence.out:803; scratch/q5_M_evM_evidence.out:1130; scratch/q5_M_evM_evidence.out:1563; scratch/q5_M_evM_evidence.out:1783
scratch/q5_M_evM_tag_typed.pv	proverif/sp7_q5_depth2_correct.pv:233	true	true	true	true	true	false	false	false	scratch/q5_M_evM_tag_typed.out:654; scratch/q5_M_evM_tag_typed.out:692; scratch/q5_M_evM_tag_typed.out:730; scratch/q5_M_evM_tag_typed.out:768; scratch/q5_M_evM_tag_typed.out:806; scratch/q5_M_evM_tag_typed.out:1133; scratch/q5_M_evM_tag_typed.out:1576; scratch/q5_M_evM_tag_typed.out:1797
scratch/q5_M_evM_digest_typed.pv	proverif/sp7_q5_depth2_correct.pv:233	true	true	true	true	true	false	false	false	scratch/q5_M_evM_digest_typed.out:656; scratch/q5_M_evM_digest_typed.out:696; scratch/q5_M_evM_digest_typed.out:736; scratch/q5_M_evM_digest_typed.out:776; scratch/q5_M_evM_digest_typed.out:816; scratch/q5_M_evM_digest_typed.out:1145; scratch/q5_M_evM_digest_typed.out:1590; scratch/q5_M_evM_digest_typed.out:1813
scratch/q5_M_slot.pv	proverif/sp7_q5_depth2_correct.pv:235	true	true	true	true	true	false	false	false	scratch/q5_M_slot.out:675; scratch/q5_M_slot.out:736; scratch/q5_M_slot.out:797; scratch/q5_M_slot.out:858; scratch/q5_M_slot.out:919; scratch/q5_M_slot.out:1269; scratch/q5_M_slot.out:1732; scratch/q5_M_slot.out:1976
scratch/q5_M_possession.pv	proverif/sp7_q5_depth2_correct.pv:236	true	true	true	true	true	false	false	false	scratch/q5_M_possession.out:648; scratch/q5_M_possession.out:682; scratch/q5_M_possession.out:716; scratch/q5_M_possession.out:749; scratch/q5_M_possession.out:782; scratch/q5_M_possession.out:1105; scratch/q5_M_possession.out:1515; scratch/q5_M_possession.out:1731
scratch/q5_M_poss_tag_typed.pv	proverif/sp7_q5_depth2_correct.pv:236	true	true	true	true	true	false	false	false	scratch/q5_M_poss_tag_typed.out:655; scratch/q5_M_poss_tag_typed.out:694; scratch/q5_M_poss_tag_typed.out:733; scratch/q5_M_poss_tag_typed.out:771; scratch/q5_M_poss_tag_typed.out:809; scratch/q5_M_poss_tag_typed.out:1137; scratch/q5_M_poss_tag_typed.out:1578; scratch/q5_M_poss_tag_typed.out:1799
scratch/q5_M_poss_manifest_typed.pv	proverif/sp7_q5_depth2_correct.pv:236	true	true	true	true	true	false	false	false	scratch/q5_M_poss_manifest_typed.out:671; scratch/q5_M_poss_manifest_typed.out:726; scratch/q5_M_poss_manifest_typed.out:781; scratch/q5_M_poss_manifest_typed.out:836; scratch/q5_M_poss_manifest_typed.out:891; scratch/q5_M_poss_manifest_typed.out:1235; scratch/q5_M_poss_manifest_typed.out:1692; scratch/q5_M_poss_manifest_typed.out:1930
scratch/q5_M_signature.pv	proverif/sp7_q5_depth2_correct.pv:237	true	true	true	true	true	false	false	false	scratch/q5_M_signature.out:650; scratch/q5_M_signature.out:686; scratch/q5_M_signature.out:722; scratch/q5_M_signature.out:758; scratch/q5_M_signature.out:794; scratch/q5_M_signature.out:1119; scratch/q5_M_signature.out:1479; scratch/q5_M_signature.out:1698
scratch/q5_M_sig_tag_typed.pv	proverif/sp7_q5_depth2_correct.pv:237	true	true	true	true	true	false	false	false	scratch/q5_M_sig_tag_typed.out:654; scratch/q5_M_sig_tag_typed.out:692; scratch/q5_M_sig_tag_typed.out:730; scratch/q5_M_sig_tag_typed.out:768; scratch/q5_M_sig_tag_typed.out:806; scratch/q5_M_sig_tag_typed.out:1133; scratch/q5_M_sig_tag_typed.out:1573; scratch/q5_M_sig_tag_typed.out:1794
scratch/q5_M_sig_bytes_typed.pv	proverif/sp7_q5_depth2_correct.pv:237	true	true	true	true	true	false	false	false	scratch/q5_M_sig_bytes_typed.out:679; scratch/q5_M_sig_bytes_typed.out:742; scratch/q5_M_sig_bytes_typed.out:805; scratch/q5_M_sig_bytes_typed.out:868; scratch/q5_M_sig_bytes_typed.out:931; scratch/q5_M_sig_bytes_typed.out:1283; scratch/q5_M_sig_bytes_typed.out:1684; scratch/q5_M_sig_bytes_typed.out:1930
scratch/q5_M_type.pv	proverif/sp7_q5_depth2_correct.pv:238	false	true	true	true	true	false	false	false	scratch/q5_M_type.out:988; scratch/q5_M_type.out:1027; scratch/q5_M_type.out:1066; scratch/q5_M_type.out:1105; scratch/q5_M_type.out:1144; scratch/q5_M_type.out:1472; scratch/q5_M_type.out:1843; scratch/q5_M_type.out:2065
scratch/q5_M_alg.pv	proverif/sp7_q5_depth2_correct.pv:238	true	true	true	true	true	false	false	false	scratch/q5_M_alg.out:654; scratch/q5_M_alg.out:692; scratch/q5_M_alg.out:730; scratch/q5_M_alg.out:768; scratch/q5_M_alg.out:806; scratch/q5_M_alg.out:1133; scratch/q5_M_alg.out:1573; scratch/q5_M_alg.out:1794
scratch/q5_M_id.pv	proverif/sp7_q5_depth2_correct.pv:238	true	true	true	true	true	false	false	false	scratch/q5_M_id.out:654; scratch/q5_M_id.out:692; scratch/q5_M_id.out:730; scratch/q5_M_id.out:768; scratch/q5_M_id.out:806; scratch/q5_M_id.out:1133; scratch/q5_M_id.out:1573; scratch/q5_M_id.out:1794
scratch/q5_M_fp.pv	proverif/sp7_q5_depth2_correct.pv:238	true	true	true	true	true	false	false	false	scratch/q5_M_fp.out:654; scratch/q5_M_fp.out:692; scratch/q5_M_fp.out:730; scratch/q5_M_fp.out:768; scratch/q5_M_fp.out:806; scratch/q5_M_fp.out:1133; scratch/q5_M_fp.out:1573; scratch/q5_M_fp.out:1794
scratch/q5_M_hash.pv	proverif/sp7_q5_depth2_correct.pv:239	true	true	true	true	true	false	false	false	scratch/q5_M_hash.out:653; scratch/q5_M_hash.out:692; scratch/q5_M_hash.out:731; scratch/q5_M_hash.out:770; scratch/q5_M_hash.out:809; scratch/q5_M_hash.out:1137; scratch/q5_M_hash.out:1578; scratch/q5_M_hash.out:1800
