guard	outcomes_by_model_and_level	evidence_rows
evidence	q1d_I_evDI_evidence:unchanged; q1d_I_evRI_evidence:unchanged; q1d_W_evDW_evidence:unchanged; q1d_W_evRW_evidence:unchanged; q1r_I_evDI_evidence:unchanged; q1r_I_evRI_evidence:unchanged; q1r_W_evDW_evidence:unchanged; q1r_W_evRW_evidence:unchanged; q2_I_evI_evidence:unchanged; q2_W_evW_evidence:unchanged; q4o_I_evDI_evidence:unchanged; q4o_I_evRI_evidence:unchanged; q4o_W_evDW_evidence:unchanged; q4o_W_evRW_evidence:unchanged; q5_I_evI_evidence:unchanged; q5_W_evW_evidence:unchanged; q5_O_evO_evidence:unchanged; q5_M_evM_evidence:unchanged	scratch/dependencies.tsv:2; scratch/dependencies.tsv:5; scratch/dependencies.tsv:20; scratch/dependencies.tsv:23; scratch/dependencies.tsv:38; scratch/dependencies.tsv:41; scratch/dependencies.tsv:56; scratch/dependencies.tsv:59; scratch/dependencies.tsv:74; scratch/dependencies.tsv:89; scratch/dependencies.tsv:104; scratch/dependencies.tsv:107; scratch/dependencies.tsv:122; scratch/dependencies.tsv:125; scratch/dependencies.tsv:140; scratch/dependencies.tsv:155; scratch/dependencies.tsv:170; scratch/dependencies.tsv:185
tag	q1d_I_evDI_tag:unchanged; q1d_I_evRI_tag:unchanged; q1d_W_evDW_tag:unchanged; q1d_W_evRW_tag:unchanged; q1r_I_evDI_tag:unchanged; q1r_I_evRI_tag:unchanged; q1r_W_evDW_tag:unchanged; q1r_W_evRW_tag:unchanged; q2_I_evI_tag:unchanged; q2_W_evW_tag:unchanged; q4o_I_evDI_tag:unchanged; q4o_I_evRI_tag:unchanged; q4o_W_evDW_tag:unchanged; q4o_W_evRW_tag:unchanged; q5_I_evI_tag:unchanged; q5_W_evW_tag:unchanged; q5_O_evO_tag:unchanged; q5_M_evM_tag:unchanged	scratch/dependencies.tsv:3; scratch/dependencies.tsv:6; scratch/dependencies.tsv:21; scratch/dependencies.tsv:24; scratch/dependencies.tsv:39; scratch/dependencies.tsv:42; scratch/dependencies.tsv:57; scratch/dependencies.tsv:60; scratch/dependencies.tsv:75; scratch/dependencies.tsv:90; scratch/dependencies.tsv:105; scratch/dependencies.tsv:108; scratch/dependencies.tsv:123; scratch/dependencies.tsv:126; scratch/dependencies.tsv:141; scratch/dependencies.tsv:156; scratch/dependencies.tsv:171; scratch/dependencies.tsv:186
digest	q1d_I_evDI_digest:unchanged; q1d_I_evRI_digest:unchanged; q1d_W_evDW_digest:unchanged; q1d_W_evRW_digest:unchanged; q1r_I_evDI_digest:unchanged; q1r_I_evRI_digest:unchanged; q1r_W_evDW_digest:unchanged; q1r_W_evRW_digest:unchanged; q2_I_evI_digest:unchanged; q2_W_evW_digest:unchanged; q4o_I_evDI_digest:unchanged; q4o_I_evRI_digest:unchanged; q4o_W_evDW_digest:unchanged; q4o_W_evRW_digest:unchanged; q5_I_evI_digest:unchanged; q5_W_evW_digest:unchanged; q5_O_evO_digest:unchanged; q5_M_evM_digest:unchanged	scratch/dependencies.tsv:4; scratch/dependencies.tsv:7; scratch/dependencies.tsv:22; scratch/dependencies.tsv:25; scratch/dependencies.tsv:40; scratch/dependencies.tsv:43; scratch/dependencies.tsv:58; scratch/dependencies.tsv:61; scratch/dependencies.tsv:76; scratch/dependencies.tsv:91; scratch/dependencies.tsv:106; scratch/dependencies.tsv:109; scratch/dependencies.tsv:124; scratch/dependencies.tsv:127; scratch/dependencies.tsv:142; scratch/dependencies.tsv:157; scratch/dependencies.tsv:172; scratch/dependencies.tsv:187
slot	q1d_I_slot:unchanged; q1d_W_slot:unchanged; q1r_I_slot:unchanged; q1r_W_slot:unchanged; q2_I_slot:unchanged; q2_W_slot:unchanged; q4o_I_slot:unchanged; q4o_W_slot:unchanged; q5_I_slot:unchanged; q5_W_slot:unchanged; q5_O_slot:unchanged; q5_M_slot:unchanged	scratch/dependencies.tsv:8; scratch/dependencies.tsv:26; scratch/dependencies.tsv:44; scratch/dependencies.tsv:62; scratch/dependencies.tsv:77; scratch/dependencies.tsv:92; scratch/dependencies.tsv:110; scratch/dependencies.tsv:128; scratch/dependencies.tsv:143; scratch/dependencies.tsv:158; scratch/dependencies.tsv:173; scratch/dependencies.tsv:188
possession	q1d_I_possession:unchanged; q1d_W_possession:unchanged; q1r_I_possession:unchanged; q1r_W_possession:unchanged; q2_I_possession:unchanged; q2_W_possession:unchanged; q4o_I_possession:unchanged; q4o_W_possession:unchanged; q5_I_possession:unchanged; q5_W_possession:unchanged; q5_O_possession:unchanged; q5_M_possession:unchanged	scratch/dependencies.tsv:9; scratch/dependencies.tsv:27; scratch/dependencies.tsv:45; scratch/dependencies.tsv:63; scratch/dependencies.tsv:78; scratch/dependencies.tsv:93; scratch/dependencies.tsv:111; scratch/dependencies.tsv:129; scratch/dependencies.tsv:144; scratch/dependencies.tsv:159; scratch/dependencies.tsv:174; scratch/dependencies.tsv:189
poss_tag	q1d_I_poss_tag:unchanged; q1d_W_poss_tag:unchanged; q1r_I_poss_tag:unchanged; q1r_W_poss_tag:unchanged; q2_I_poss_tag:unchanged; q2_W_poss_tag:unchanged; q4o_I_poss_tag:unchanged; q4o_W_poss_tag:unchanged; q5_I_poss_tag:unchanged; q5_W_poss_tag:unchanged; q5_O_poss_tag:unchanged; q5_M_poss_tag:unchanged	scratch/dependencies.tsv:10; scratch/dependencies.tsv:28; scratch/dependencies.tsv:46; scratch/dependencies.tsv:64; scratch/dependencies.tsv:79; scratch/dependencies.tsv:94; scratch/dependencies.tsv:112; scratch/dependencies.tsv:130; scratch/dependencies.tsv:145; scratch/dependencies.tsv:160; scratch/dependencies.tsv:175; scratch/dependencies.tsv:190
poss_manifest	q1d_I_poss_manifest:unchanged; q1d_W_poss_manifest:unchanged; q1r_I_poss_manifest:unchanged; q1r_W_poss_manifest:unchanged; q2_I_poss_manifest:unchanged; q2_W_poss_manifest:unchanged; q4o_I_poss_manifest:unchanged; q4o_W_poss_manifest:unchanged; q5_I_poss_manifest:unchanged; q5_W_poss_manifest:unchanged; q5_O_poss_manifest:unchanged; q5_M_poss_manifest:unchanged	scratch/dependencies.tsv:11; scratch/dependencies.tsv:29; scratch/dependencies.tsv:47; scratch/dependencies.tsv:65; scratch/dependencies.tsv:80; scratch/dependencies.tsv:95; scratch/dependencies.tsv:113; scratch/dependencies.tsv:131; scratch/dependencies.tsv:146; scratch/dependencies.tsv:161; scratch/dependencies.tsv:176; scratch/dependencies.tsv:191
signature	q1d_I_signature:InnerSigTransplanted; q1d_W_signature:unchanged; q1r_I_signature:InnerSigTransplanted; q1r_W_signature:unchanged; q2_I_signature:InnerSigTransplanted; q2_W_signature:unchanged; q4o_I_signature:InnerSigTransplanted; q4o_W_signature:unchanged; q5_I_signature:InnerSigTransplanted; q5_W_signature:unchanged; q5_O_signature:unchanged; q5_M_signature:unchanged	scratch/dependencies.tsv:12; scratch/dependencies.tsv:30; scratch/dependencies.tsv:48; scratch/dependencies.tsv:66; scratch/dependencies.tsv:81; scratch/dependencies.tsv:96; scratch/dependencies.tsv:114; scratch/dependencies.tsv:132; scratch/dependencies.tsv:147; scratch/dependencies.tsv:162; scratch/dependencies.tsv:177; scratch/dependencies.tsv:192
sig_tag	q1d_I_sig_tag:unchanged; q1d_W_sig_tag:unchanged; q1r_I_sig_tag:unchanged; q1r_W_sig_tag:unchanged; q2_I_sig_tag:unchanged; q2_W_sig_tag:unchanged; q4o_I_sig_tag:unchanged; q4o_W_sig_tag:unchanged; q5_I_sig_tag:unchanged; q5_W_sig_tag:unchanged; q5_O_sig_tag:unchanged; q5_M_sig_tag:unchanged	scratch/dependencies.tsv:13; scratch/dependencies.tsv:31; scratch/dependencies.tsv:49; scratch/dependencies.tsv:67; scratch/dependencies.tsv:82; scratch/dependencies.tsv:97; scratch/dependencies.tsv:115; scratch/dependencies.tsv:133; scratch/dependencies.tsv:148; scratch/dependencies.tsv:163; scratch/dependencies.tsv:178; scratch/dependencies.tsv:193
sig_bytes	q1d_I_sig_bytes:unchanged; q1d_W_sig_bytes:unchanged; q1r_I_sig_bytes:unchanged; q1r_W_sig_bytes:unchanged; q2_I_sig_bytes:InnerSigTransplanted; q2_W_sig_bytes:unchanged; q4o_I_sig_bytes:unchanged; q4o_W_sig_bytes:unchanged; q5_I_sig_bytes:InnerSigTransplanted; q5_W_sig_bytes:unchanged; q5_O_sig_bytes:unchanged; q5_M_sig_bytes:unchanged	scratch/dependencies.tsv:14; scratch/dependencies.tsv:32; scratch/dependencies.tsv:50; scratch/dependencies.tsv:68; scratch/dependencies.tsv:83; scratch/dependencies.tsv:98; scratch/dependencies.tsv:116; scratch/dependencies.tsv:134; scratch/dependencies.tsv:149; scratch/dependencies.tsv:164; scratch/dependencies.tsv:179; scratch/dependencies.tsv:194
type	q1d_I_type:TypeConfused; q1d_W_type:TypeConfused; q1r_I_type:TypeConfused; q1r_W_type:TypeConfused; q2_I_type:TypeConfused; q2_W_type:TypeConfused; q4o_I_type:unchanged; q4o_W_type:TypeConfused; q5_I_type:TypeConfused; q5_W_type:TypeConfused; q5_O_type:TypeConfused; q5_M_type:TypeConfused	scratch/dependencies.tsv:15; scratch/dependencies.tsv:33; scratch/dependencies.tsv:51; scratch/dependencies.tsv:69; scratch/dependencies.tsv:84; scratch/dependencies.tsv:99; scratch/dependencies.tsv:117; scratch/dependencies.tsv:135; scratch/dependencies.tsv:150; scratch/dependencies.tsv:165; scratch/dependencies.tsv:180; scratch/dependencies.tsv:195
alg	q1d_I_alg:unchanged; q1d_W_alg:unchanged; q1r_I_alg:unchanged; q1r_W_alg:unchanged; q2_I_alg:unchanged; q2_W_alg:unchanged; q4o_I_alg:unchanged; q4o_W_alg:unchanged; q5_I_alg:unchanged; q5_W_alg:unchanged; q5_O_alg:unchanged; q5_M_alg:unchanged	scratch/dependencies.tsv:16; scratch/dependencies.tsv:34; scratch/dependencies.tsv:52; scratch/dependencies.tsv:70; scratch/dependencies.tsv:85; scratch/dependencies.tsv:100; scratch/dependencies.tsv:118; scratch/dependencies.tsv:136; scratch/dependencies.tsv:151; scratch/dependencies.tsv:166; scratch/dependencies.tsv:181; scratch/dependencies.tsv:196
id	q1d_I_id:unchanged; q1d_W_id:unchanged; q1r_I_id:unchanged; q1r_W_id:unchanged; q2_I_id:unchanged; q2_W_id:unchanged; q4o_I_id:unchanged; q4o_W_id:unchanged; q5_I_id:unchanged; q5_W_id:unchanged; q5_O_id:unchanged; q5_M_id:unchanged	scratch/dependencies.tsv:17; scratch/dependencies.tsv:35; scratch/dependencies.tsv:53; scratch/dependencies.tsv:71; scratch/dependencies.tsv:86; scratch/dependencies.tsv:101; scratch/dependencies.tsv:119; scratch/dependencies.tsv:137; scratch/dependencies.tsv:152; scratch/dependencies.tsv:167; scratch/dependencies.tsv:182; scratch/dependencies.tsv:197
fp	q1d_I_fp:unchanged; q1d_W_fp:unchanged; q1r_I_fp:unchanged; q1r_W_fp:unchanged; q2_I_fp:unchanged; q2_W_fp:unchanged; q4o_I_fp:unchanged; q4o_W_fp:unchanged; q5_I_fp:unchanged; q5_W_fp:unchanged; q5_O_fp:unchanged; q5_M_fp:unchanged	scratch/dependencies.tsv:18; scratch/dependencies.tsv:36; scratch/dependencies.tsv:54; scratch/dependencies.tsv:72; scratch/dependencies.tsv:87; scratch/dependencies.tsv:102; scratch/dependencies.tsv:120; scratch/dependencies.tsv:138; scratch/dependencies.tsv:153; scratch/dependencies.tsv:168; scratch/dependencies.tsv:183; scratch/dependencies.tsv:198
hash	q1d_I_hash:unchanged; q1d_W_hash:unchanged; q1r_I_hash:unchanged; q1r_W_hash:unchanged; q2_I_hash:unchanged; q2_W_hash:unchanged; q4o_I_hash:unchanged; q4o_W_hash:unchanged; q5_I_hash:unchanged; q5_W_hash:unchanged; q5_O_hash:unchanged; q5_M_hash:unchanged	scratch/dependencies.tsv:19; scratch/dependencies.tsv:37; scratch/dependencies.tsv:55; scratch/dependencies.tsv:73; scratch/dependencies.tsv:88; scratch/dependencies.tsv:103; scratch/dependencies.tsv:121; scratch/dependencies.tsv:139; scratch/dependencies.tsv:154; scratch/dependencies.tsv:169; scratch/dependencies.tsv:184; scratch/dependencies.tsv:199
